# bench/primitives.sh on AMD EPYC 7763 64-Core Processor (x86_64), Linux 6.17.0-1022-azure, 2026-10-09, tree d699bec-dirty
# Ubuntu clang version 23.1.2 (++20260919103626+4b1925210476-1~exp1~20260919223755.77); -std=c11 -O2 -Wall -Wextra -Wpedantic -Werror -Wvla -D_DEFAULT_SOURCE -DCH_RAND_DRBG -I. -Ibench -Itest -DCH_CPU_RUNTIME; primitives adds -DCH_RSA_MODULUS_MAX=512; handshake adds -DCH_ROLE_SERVER -DCH_ROLE_BOTH -DCH_TRANSPORT_TCP_NONBLOCKING -DBENCH_HANDSHAKE_PROGRAM, -DCH_PIN_ECDSA for the ecdsa rows, and -DCH_KEX_PQ for the _hybrid rows, whose client offers X25519MLKEM768 alone
# every timed program is a host object, and the build column is the ch_cfg.cpu value its rows run under: 0x1 is CH_CPU_PROBED alone, and 0x3f is every bit this CPU has that an object reads: CH_CPU_PROBED, CH_CPU_CONSTANT_TIME_AES, CH_CPU_CONSTANT_TIME_MULTIPLY, CH_CPU_AVX2, CH_CPU_VAES, CH_CPU_CONSTANT_TIME_SHA256
# OpenSSL 3.6.4 rows: `openssl speed -mr -seconds 1`, one second a run: sha256, sha384 and sha3_256 are -evp over -bytes; x25519_base and p256_ecdh_keygen are the key generations of X25519 and ECP-256, which draw their random bytes; x25519 and p256_ecdh are ecdhx25519 and ecdhp256; p256_sign, p256_ecdsa_verify and p384_ecdsa_verify are ecdsap256 and ecdsap384; the mlkem768 rows are ML-KEM-768; rsa_pkcs1_sign and rsa_pkcs1_verify are rsa2048 and rsa3072, which sign and verify with PKCS#1 v1.5 padding, where chapulin signs PSS
# load average (1, 5, 15 min) before: 1.00 0.96 0.64; after: 1.00 1.00 0.81
# run 1 of 5: 1-minute load average 1.00 at its start
# run 2 of 5: 1-minute load average 1.00 at its start
# run 3 of 5: 1-minute load average 1.00 at its start
# run 4 of 5: 1-minute load average 1.00 at its start
# run 5 of 5: 1-minute load average 1.00 at its start
# ns: nanoseconds of CPU time per byte (unit byte) or per operation (unit op), the median over 5 runs; a chapulin run's figure is the median of its samples, on the thread's CPU clock, and an OpenSSL run's is one second's operations over its user CPU time; per_second: 10^6 bytes, or operations, per second at that median; samples: the fewest one run took; iqr_pct: the largest 25th to 75th percentile spread inside one run, percent of its median; run_spread_pct: slowest run less fastest, percent of the median; instructions: retired per byte or per operation, the median over the runs, where the system counts them
primitive,build,unit,bytes,ns,per_second,samples,iqr_pct,run_spread_pct,instructions
sha256,ch_cfg.cpu 0x1,byte,64,11.5421,86.6,101,0.6,0.6,
sha256,ch_cfg.cpu 0x1,byte,1024,4.7799,209.2,101,0.9,0.5,
sha256,ch_cfg.cpu 0x1,byte,16384,4.3488,229.9,101,1.2,0.2,
sha384,ch_cfg.cpu 0x1,byte,64,9.8729,101.3,101,0.6,0.3,
sha384,ch_cfg.cpu 0x1,byte,1024,3.4842,287.0,101,0.4,0.1,
sha384,ch_cfg.cpu 0x1,byte,16384,2.9072,344.0,101,0.3,0.1,
sha512,ch_cfg.cpu 0x1,byte,64,10.4608,95.6,101,0.9,0.2,
sha512,ch_cfg.cpu 0x1,byte,1024,3.5203,284.1,101,0.4,0.1,
sha512,ch_cfg.cpu 0x1,byte,16384,2.9075,343.9,101,0.3,0.1,
sha3_256,ch_cfg.cpu 0x1,byte,64,7.4617,134.0,101,0.4,0.2,
sha3_256,ch_cfg.cpu 0x1,byte,1024,3.1623,316.2,101,0.5,0.2,
sha3_256,ch_cfg.cpu 0x1,byte,16384,2.9165,342.9,101,0.4,0.2,
shake128_squeeze,ch_cfg.cpu 0x1,byte,64,6.4579,154.8,101,0.5,0.3,
shake128_squeeze,ch_cfg.cpu 0x1,byte,1024,2.7127,368.6,101,0.4,0.1,
shake128_squeeze,ch_cfg.cpu 0x1,byte,16384,2.3466,426.1,101,0.5,0.1,
shake256_squeeze,ch_cfg.cpu 0x1,byte,64,6.3351,157.9,101,0.4,0.3,
shake256_squeeze,ch_cfg.cpu 0x1,byte,1024,3.0773,325.0,101,0.4,0.1,
shake256_squeeze,ch_cfg.cpu 0x1,byte,16384,2.8865,346.4,101,0.4,0.2,
hmac_sha256,ch_cfg.cpu 0x1,byte,64,26.6169,37.6,101,0.8,0.6,
hmac_sha256,ch_cfg.cpu 0x1,byte,1024,5.7098,175.1,101,0.6,0.3,
hmac_sha256,ch_cfg.cpu 0x1,byte,16384,4.4069,226.9,101,1.6,0.5,
hkdf_expand_label,ch_cfg.cpu 0x1,op,32,1446.9546,691106.7,101,0.8,0.7,
chacha20,ch_cfg.cpu 0x1,byte,64,3.5423,282.3,101,1.6,0.5,
chacha20,ch_cfg.cpu 0x1,byte,1200,0.8973,1114.5,101,0.5,0.2,
chacha20,ch_cfg.cpu 0x1,byte,16384,0.8348,1197.9,101,0.4,0.1,
drbg,ch_cfg.cpu 0x1,byte,32,3.8077,262.6,101,1.1,0.2,
drbg,ch_cfg.cpu 0x1,byte,1024,1.8889,529.4,101,0.3,1.4,
drbg,ch_cfg.cpu 0x1,byte,16384,1.7678,565.7,101,0.3,1.5,
poly1305,ch_cfg.cpu 0x1,byte,64,4.4700,223.7,101,0.9,0.4,
poly1305,ch_cfg.cpu 0x1,byte,1200,3.6599,273.2,101,0.5,0.3,
poly1305,ch_cfg.cpu 0x1,byte,16384,3.6205,276.2,101,0.4,0.1,
chacha20_poly1305_seal,ch_cfg.cpu 0x1,byte,64,12.3681,80.9,101,0.5,0.2,
chacha20_poly1305_seal,ch_cfg.cpu 0x1,byte,1200,4.8070,208.0,101,0.4,0.1,
chacha20_poly1305_seal,ch_cfg.cpu 0x1,byte,16384,4.4760,223.4,101,0.5,0.2,
chacha20_poly1305_open,ch_cfg.cpu 0x1,byte,64,12.0549,83.0,101,0.6,0.5,
chacha20_poly1305_open,ch_cfg.cpu 0x1,byte,1200,4.7894,208.8,101,0.4,2.5,
chacha20_poly1305_open,ch_cfg.cpu 0x1,byte,16384,4.4707,223.7,101,0.5,0.4,
p256_ecdsa_verify,ch_cfg.cpu 0x1,op,0,71850.7188,13917.7,101,0.4,0.7,
p384_ecdsa_verify,ch_cfg.cpu 0x1,op,0,365520.1250,2735.8,101,0.3,0.1,
rsa_pss_verify_2048,ch_cfg.cpu 0x1,op,0,38011.9219,26307.5,101,0.5,0.2,
rsa_pss_verify_3072,ch_cfg.cpu 0x1,op,0,82765.8125,12082.3,101,0.8,0.8,
rsa_pss_verify_4096,ch_cfg.cpu 0x1,op,0,145661.3750,6865.2,101,0.7,0.5,
rsa_pkcs1_verify_2048,ch_cfg.cpu 0x1,op,0,34447.2969,29029.9,101,0.4,0.2,
rsa_pkcs1_verify_3072,ch_cfg.cpu 0x1,op,0,78169.0938,12792.8,101,1.0,1.1,
rsa_pkcs1_verify_4096,ch_cfg.cpu 0x1,op,0,138699.0000,7209.9,101,0.5,0.6,
x25519,ch_cfg.cpu 0x1,op,0,1779673.5000,561.9,101,0.5,2.2,
x25519_base,ch_cfg.cpu 0x1,op,0,1782213.0000,561.1,101,0.5,1.8,
mlkem768_keygen,ch_cfg.cpu 0x1,op,0,24872.6172,40204.9,101,0.3,0.3,
mlkem768_encaps,ch_cfg.cpu 0x1,op,0,28896.1484,34606.7,101,0.2,0.2,
mlkem768_decaps,ch_cfg.cpu 0x1,op,0,31454.5156,31791.9,101,0.3,0.4,
p256_ecdh_keygen,ch_cfg.cpu 0x1,op,0,1794215.5000,557.3,101,0.4,0.1,
p256_ecdh,ch_cfg.cpu 0x1,op,0,1794822.0000,557.2,101,0.3,0.1,
p256_sign,ch_cfg.cpu 0x1,op,0,1941555.5000,515.1,101,0.3,0.1,
rsa_pss_sign_2048,ch_cfg.cpu 0x1,op,0,97069332.0000,10.3,11,0.2,0.0,
rsa_pss_sign_3072,ch_cfg.cpu 0x1,op,0,325900570.0000,3.1,11,0.1,0.0,
handshake_pinned_rsa2048,ch_cfg.cpu 0x1,op,0,110779743.0000,9.0,11,0.2,0.1,
handshake_pinned_rsa2048_client_side,ch_cfg.cpu 0x1,op,0,3683557.0000,271.5,11,0.8,1.7,
handshake_pinned_rsa2048_server_side,ch_cfg.cpu 0x1,op,0,107087210.0000,9.3,11,0.2,0.1,
handshake_pinned_rsa3072,ch_cfg.cpu 0x1,op,0,354395028.0000,2.8,11,0.2,0.4,
handshake_pinned_rsa3072_client_side,ch_cfg.cpu 0x1,op,0,3723131.0000,268.6,11,0.7,1.7,
handshake_pinned_rsa3072_server_side,ch_cfg.cpu 0x1,op,0,350619609.0000,2.9,11,0.2,0.5,
handshake_pinned_ecdsa_p256,ch_cfg.cpu 0x1,op,0,9451650.0000,105.8,101,0.4,0.1,
handshake_pinned_ecdsa_p256_client_side,ch_cfg.cpu 0x1,op,0,3684850.0000,271.4,101,0.5,0.1,
handshake_pinned_ecdsa_p256_server_side,ch_cfg.cpu 0x1,op,0,5760766.0000,173.6,101,0.3,0.1,
handshake_pinned_rsa2048_hybrid,ch_cfg.cpu 0x1,op,0,110912122.0000,9.0,11,0.2,0.1,
handshake_pinned_rsa2048_hybrid_client_side,ch_cfg.cpu 0x1,op,0,3778386.0000,264.7,11,0.7,1.2,
handshake_pinned_rsa2048_hybrid_server_side,ch_cfg.cpu 0x1,op,0,107137273.0000,9.3,11,0.1,0.0,
handshake_pinned_rsa3072_hybrid,ch_cfg.cpu 0x1,op,0,355771288.0000,2.8,11,0.2,0.4,
handshake_pinned_rsa3072_hybrid_client_side,ch_cfg.cpu 0x1,op,0,3827497.0000,261.3,11,0.5,1.2,
handshake_pinned_rsa3072_hybrid_server_side,ch_cfg.cpu 0x1,op,0,351929044.0000,2.8,11,0.2,0.4,
handshake_pinned_ecdsa_p256_hybrid,ch_cfg.cpu 0x1,op,0,9595488.0000,104.2,101,0.3,0.1,
handshake_pinned_ecdsa_p256_hybrid_client_side,ch_cfg.cpu 0x1,op,0,3786721.0000,264.1,101,0.4,0.1,
handshake_pinned_ecdsa_p256_hybrid_server_side,ch_cfg.cpu 0x1,op,0,5799159.0000,172.4,101,0.3,0.1,
sha256,ch_cfg.cpu 0x3f,byte,64,2.6194,381.8,101,0.2,0.2,
sha256,ch_cfg.cpu 0x3f,byte,1024,0.7515,1330.7,101,0.3,0.1,
sha256,ch_cfg.cpu 0x3f,byte,16384,0.6357,1573.1,101,0.4,0.1,
sha384,ch_cfg.cpu 0x3f,byte,64,9.8744,101.3,101,0.6,0.4,
sha384,ch_cfg.cpu 0x3f,byte,1024,3.4835,287.1,101,0.4,0.1,
sha384,ch_cfg.cpu 0x3f,byte,16384,2.9062,344.1,101,0.2,0.1,
sha512,ch_cfg.cpu 0x3f,byte,64,10.4621,95.6,101,0.9,0.3,
sha512,ch_cfg.cpu 0x3f,byte,1024,3.5197,284.1,101,0.3,0.1,
sha512,ch_cfg.cpu 0x3f,byte,16384,2.9073,344.0,101,0.3,0.1,
sha3_256,ch_cfg.cpu 0x3f,byte,64,7.4583,134.1,101,0.4,0.0,
sha3_256,ch_cfg.cpu 0x3f,byte,1024,3.1627,316.2,101,0.4,0.7,
sha3_256,ch_cfg.cpu 0x3f,byte,16384,2.9171,342.8,101,0.3,0.7,
shake128_squeeze,ch_cfg.cpu 0x3f,byte,64,6.4539,154.9,101,0.5,0.2,
shake128_squeeze,ch_cfg.cpu 0x3f,byte,1024,2.7123,368.7,101,0.3,0.1,
shake128_squeeze,ch_cfg.cpu 0x3f,byte,16384,2.3455,426.3,101,0.4,0.1,
shake256_squeeze,ch_cfg.cpu 0x3f,byte,64,6.3281,158.0,101,0.5,0.3,
shake256_squeeze,ch_cfg.cpu 0x3f,byte,1024,3.0774,324.9,101,0.4,0.1,
shake256_squeeze,ch_cfg.cpu 0x3f,byte,16384,2.8852,346.6,101,0.3,0.2,
hmac_sha256,ch_cfg.cpu 0x3f,byte,64,5.1081,195.8,101,0.6,9.6,
hmac_sha256,ch_cfg.cpu 0x3f,byte,1024,0.9092,1099.9,101,0.2,3.4,
hmac_sha256,ch_cfg.cpu 0x3f,byte,16384,0.6459,1548.2,101,0.3,0.3,
hkdf_expand_label,ch_cfg.cpu 0x3f,op,32,321.2712,3112635.1,101,0.5,2.6,
chacha20,ch_cfg.cpu 0x3f,byte,64,3.0185,331.3,101,0.3,2.8,
chacha20,ch_cfg.cpu 0x3f,byte,1200,0.4913,2035.4,101,0.4,2.8,
chacha20,ch_cfg.cpu 0x3f,byte,16384,0.3822,2616.4,101,0.3,2.9,
drbg,ch_cfg.cpu 0x3f,byte,32,3.8050,262.8,101,0.9,0.2,
drbg,ch_cfg.cpu 0x3f,byte,1024,1.8886,529.5,101,0.3,0.3,
drbg,ch_cfg.cpu 0x3f,byte,16384,1.7679,565.6,101,1.5,0.2,
poly1305,ch_cfg.cpu 0x3f,byte,64,1.5165,659.4,101,0.8,0.3,
poly1305,ch_cfg.cpu 0x3f,byte,1200,0.3193,3131.9,101,0.4,0.2,
poly1305,ch_cfg.cpu 0x3f,byte,16384,0.1457,6863.4,101,0.4,0.3,
chacha20_poly1305_seal,ch_cfg.cpu 0x3f,byte,64,7.5743,132.0,101,1.0,3.2,
chacha20_poly1305_seal,ch_cfg.cpu 0x3f,byte,1200,0.9638,1037.6,101,0.6,4.2,
chacha20_poly1305_seal,ch_cfg.cpu 0x3f,byte,16384,0.5305,1885.0,101,0.5,6.0,
chacha20_poly1305_open,ch_cfg.cpu 0x3f,byte,64,7.1640,139.6,101,0.5,2.1,
chacha20_poly1305_open,ch_cfg.cpu 0x3f,byte,1200,0.9363,1068.0,101,0.5,4.7,
chacha20_poly1305_open,ch_cfg.cpu 0x3f,byte,16384,0.5273,1896.5,101,0.4,6.0,
p256_ecdsa_verify,ch_cfg.cpu 0x3f,op,0,71816.9062,13924.3,101,0.5,0.6,
p384_ecdsa_verify,ch_cfg.cpu 0x3f,op,0,365282.1250,2737.6,101,0.3,1.2,
rsa_pss_verify_2048,ch_cfg.cpu 0x3f,op,0,37954.3125,26347.5,101,0.4,0.3,
rsa_pss_verify_3072,ch_cfg.cpu 0x3f,op,0,82718.8438,12089.1,101,0.6,0.7,
rsa_pss_verify_4096,ch_cfg.cpu 0x3f,op,0,145374.5625,6878.8,101,0.8,0.4,
rsa_pkcs1_verify_2048,ch_cfg.cpu 0x3f,op,0,34437.7344,29037.9,101,0.4,0.0,
rsa_pkcs1_verify_3072,ch_cfg.cpu 0x3f,op,0,78398.8750,12755.3,101,1.2,0.9,
rsa_pkcs1_verify_4096,ch_cfg.cpu 0x3f,op,0,138749.1250,7207.3,101,0.7,0.5,
x25519,ch_cfg.cpu 0x3f,op,0,47160.4062,21204.2,101,0.6,0.2,
x25519_base,ch_cfg.cpu 0x3f,op,0,47081.0469,21240.0,101,0.5,0.3,
mlkem768_keygen,ch_cfg.cpu 0x3f,op,0,18704.6172,53462.7,101,0.4,17.6,
mlkem768_encaps,ch_cfg.cpu 0x3f,op,0,20510.2578,48756.1,101,0.4,0.7,
mlkem768_decaps,ch_cfg.cpu 0x3f,op,0,22353.1484,44736.4,101,1.1,14.5,
p256_ecdh_keygen,ch_cfg.cpu 0x3f,op,0,13682.9375,73083.7,101,0.6,0.0,
p256_ecdh,ch_cfg.cpu 0x3f,op,0,70805.9688,14123.1,101,0.5,0.2,
p256_sign,ch_cfg.cpu 0x3f,op,0,20323.1016,49205.1,101,0.4,0.3,
rsa_pss_sign_2048,ch_cfg.cpu 0x3f,op,0,1361773.0000,734.3,101,0.3,0.1,
rsa_pss_sign_3072,ch_cfg.cpu 0x3f,op,0,4278539.0000,233.7,101,0.6,0.3,
handshake_pinned_rsa2048,ch_cfg.cpu 0x3f,op,0,1621848.0000,616.6,101,0.6,0.1,
handshake_pinned_rsa2048_client_side,ch_cfg.cpu 0x3f,op,0,145921.0000,6853.0,101,1.0,0.3,
handshake_pinned_rsa2048_server_side,ch_cfg.cpu 0x3f,op,0,1468291.0000,681.1,101,0.6,0.1,
handshake_pinned_rsa3072,ch_cfg.cpu 0x3f,op,0,4581555.0000,218.3,101,0.4,0.0,
handshake_pinned_rsa3072_client_side,ch_cfg.cpu 0x3f,op,0,192999.0000,5181.4,101,4.1,0.3,
handshake_pinned_rsa3072_server_side,ch_cfg.cpu 0x3f,op,0,4380390.0000,228.3,101,0.4,0.0,
handshake_pinned_ecdsa_p256,ch_cfg.cpu 0x3f,op,0,313044.0000,3194.4,101,4.7,0.2,
handshake_pinned_ecdsa_p256_client_side,ch_cfg.cpu 0x3f,op,0,179315.0000,5576.8,101,0.9,0.3,
handshake_pinned_ecdsa_p256_server_side,ch_cfg.cpu 0x3f,op,0,127148.0000,7864.9,101,1.1,0.1,
handshake_pinned_rsa2048_hybrid,ch_cfg.cpu 0x3f,op,0,1719321.0000,581.6,101,0.5,0.2,
handshake_pinned_rsa2048_hybrid_client_side,ch_cfg.cpu 0x3f,op,0,216114.0000,4627.2,101,3.4,2.2,
handshake_pinned_rsa2048_hybrid_server_side,ch_cfg.cpu 0x3f,op,0,1495713.0000,668.6,101,0.8,0.1,
handshake_pinned_rsa3072_hybrid,ch_cfg.cpu 0x3f,op,0,4678346.0000,213.8,101,0.3,0.3,
handshake_pinned_rsa3072_hybrid_client_side,ch_cfg.cpu 0x3f,op,0,263982.0000,3788.1,101,3.1,2.0,
handshake_pinned_rsa3072_hybrid_server_side,ch_cfg.cpu 0x3f,op,0,4407250.0000,226.9,101,0.4,0.3,
handshake_pinned_ecdsa_p256_hybrid,ch_cfg.cpu 0x3f,op,0,413923.0000,2415.9,101,3.1,2.4,
handshake_pinned_ecdsa_p256_hybrid_client_side,ch_cfg.cpu 0x3f,op,0,249946.0000,4000.9,101,3.3,3.8,
handshake_pinned_ecdsa_p256_hybrid_server_side,ch_cfg.cpu 0x3f,op,0,153547.0000,6512.7,101,1.5,2.5,
sha256,OpenSSL 3.6.4,byte,64,2.9897,334.5,,,1.5,
sha384,OpenSSL 3.6.4,byte,64,5.1893,192.7,,,1.2,
sha3_256,OpenSSL 3.6.4,byte,64,7.6798,130.2,,,1.3,
sha256,OpenSSL 3.6.4,byte,16384,0.6377,1568.1,,,0.1,
sha384,OpenSSL 3.6.4,byte,16384,1.3370,747.9,,,0.2,
sha3_256,OpenSSL 3.6.4,byte,16384,2.3491,425.7,,,0.3,
x25519_base,OpenSSL 3.6.4,op,0,33855.4134,29537.4,,,1.2,
x25519,OpenSSL 3.6.4,op,0,36544.3649,27364.0,,,1.0,
p256_ecdh_keygen,OpenSSL 3.6.4,op,0,12456.6243,80278.6,,,0.8,
p256_ecdh,OpenSSL 3.6.4,op,0,51700.9616,19342.0,,,0.2,
p256_sign,OpenSSL 3.6.4,op,0,22289.2651,44864.6,,,1.3,
p256_ecdsa_verify,OpenSSL 3.6.4,op,0,67594.9709,14794.0,,,1.1,
p384_ecdsa_verify,OpenSSL 3.6.4,op,0,730460.1899,1369.0,,,1.1,
rsa_pkcs1_sign_2048,OpenSSL 3.6.4,op,0,659195.7811,1517.0,,,0.9,
rsa_pkcs1_verify_2048,OpenSSL 3.6.4,op,0,18850.1414,53050.0,,,0.4,
rsa_pkcs1_sign_3072,OpenSSL 3.6.4,op,0,2012072.4346,497.0,,,0.6,
rsa_pkcs1_verify_3072,OpenSSL 3.6.4,op,0,40118.7515,24926.0,,,1.3,
mlkem768_keygen,OpenSSL 3.6.4,op,0,36273.0370,27568.7,,,1.4,
mlkem768_encaps,OpenSSL 3.6.4,op,0,21740.5626,45997.0,,,1.1,
mlkem768_decaps,OpenSSL 3.6.4,op,0,33336.6670,29997.0,,,0.4,
