# bench/record.sh on Apple M1 Pro (arm64), Darwin 25.6.0, 2026-10-09, tree v0.2.0-93-gd699bec6-dirty
# Apple clang version 21.0.0 (clang-2100.3.34.2); cc -Wall -Wextra -Wpedantic -Werror -std=c11 -O2 -D_DEFAULT_SOURCE -Wvla -DCH_RAND_EXTERN -DCH_SUITE_AES_GCM -DCH_CPU_RUNTIME -I. -Ibench; the build column is the ch_cfg.cpu value the rows run under, -DBENCH_CPU: 0x3 states the AES instructions, and 0x7 adds CH_CPU_CONSTANT_TIME_MULTIPLY, the vector Poly1305; no ch_cfg.cpu 0x1f rows: this CPU is not x86-64 with AVX2, VAES and VPCLMULQDQ
# zig 0.16.0 rows: bench/record_zig.zig, ReleaseFast, for this CPU; OpenSSL 3.6.5, whose rows' stages are openssl_ and the stage here that times one operation of its `speed -aead`
# load average (1, 5, 15 min) before: 3.48 5.42 7.42; after: 4.20 5.31 7.27
# ns: per record, the median of 5 runs, each the median of 15 batches of at least 1 ms; ns_per_byte and mb_per_s: per byte of the record's plaintext; spread_pct: the slowest run less the fastest, percent of ns; p10_ns and p90_ns: the batches at the 10th and 90th percentile over every run; # check lines: aead, build, record_bytes, a whole and its parts, the whole's ns, the parts' summed ns, and their difference
aead,build,stage,record_bytes,ns,ns_per_byte,mb_per_s,spread_pct,p10_ns,p90_ns
aes128gcm,ch_cfg.cpu 0x3,rec_seal,1024,457.3,0.4466,2239.3,2.3,449.6,470.0
aes128gcm,ch_cfg.cpu 0x3,refill,1024,15.6,0.0152,65725.9,1.5,15.6,16.1
aes128gcm,ch_cfg.cpu 0x3,rec_open,1024,441.0,0.4307,2322.0,2.4,429.0,452.1
aes128gcm,ch_cfg.cpu 0x3,rec_seal_without_aead,1024,222.9,0.2177,4593.5,7.2,202.3,238.8
aes128gcm,ch_cfg.cpu 0x3,rec_open_without_aead,1024,198.5,0.1939,5157.7,10.9,180.4,219.9
aes128gcm,ch_cfg.cpu 0x3,key_expansion,0,196.3,,,14.4,177.7,221.9
aes128gcm,ch_cfg.cpu 0x3,key_wipe,0,5.1,,,0.4,5.1,5.1
aes128gcm,ch_cfg.cpu 0x3,seal_aes_gcm,1024,438.4,0.4282,2335.6,2.5,432.7,448.7
aes128gcm,ch_cfg.cpu 0x3,open_aes_gcm,1024,438.7,0.4285,2333.9,3.3,420.3,452.1
aes128gcm,ch_cfg.cpu 0x3,aead_seal,1024,232.3,0.2269,4407.4,2.1,231.2,237.9
aes128gcm,ch_cfg.cpu 0x3,aead_open,1024,232.0,0.2266,4413.6,0.5,229.5,235.0
aes128gcm,ch_cfg.cpu 0x3,counter_mode_in_place,1024,111.1,0.1085,9214.9,0.2,110.0,112.1
aes128gcm,ch_cfg.cpu 0x3,counter_mode_shifted,1024,111.5,0.1089,9180.4,0.9,110.3,113.8
aes128gcm,ch_cfg.cpu 0x3,counter_blocks_in_place,1024,100.9,0.0985,10150.3,2.1,100.6,102.9
aes128gcm,ch_cfg.cpu 0x3,counter_blocks_shifted,1024,101.1,0.0987,10131.9,1.4,100.8,104.0
aes128gcm,ch_cfg.cpu 0x3,seal_passes,1024,176.1,0.1720,5815.5,0.5,175.8,177.9
aes128gcm,ch_cfg.cpu 0x3,open_passes,1024,170.8,0.1668,5996.5,0.6,170.3,172.8
aes128gcm,ch_cfg.cpu 0x3,compute_tag,1024,146.2,0.1428,7002.7,1.7,146.0,149.4
aes128gcm,ch_cfg.cpu 0x3,ghash_data,1024,108.6,0.1060,9431.4,1.0,108.0,110.1
aes128gcm,ch_cfg.cpu 0x3,compute_tag_fixed,0,50.0,,,0.0,43.9,50.4
aes128gcm,ch_cfg.cpu 0x3,counter_mode_tail_in_place,1024,10.2,0.0100,99988.2,21.0,,
aes128gcm,ch_cfg.cpu 0x3,counter_mode_tail_shifted,1024,10.3,0.0101,98956.1,8.0,,
# check,aes128gcm,ch_cfg.cpu 0x3,1024,seal_aes_gcm = key_expansion + aead_seal + key_wipe,438.4,433.7,-1.1%
# check,aes128gcm,ch_cfg.cpu 0x3,1024,open_aes_gcm = key_expansion + aead_open + key_wipe,438.7,433.4,-1.2%
# check,aes128gcm,ch_cfg.cpu 0x3,1024,aead_seal = seal_passes + compute_tag_fixed,232.3,226.1,-2.7%
# check,aes128gcm,ch_cfg.cpu 0x3,1024,aead_open = open_passes + compute_tag_fixed,232.0,220.8,-4.8%
# check,aes128gcm,ch_cfg.cpu 0x3,1024,compute_tag = ghash_data + compute_tag_fixed,146.2,158.6,+8.4%
# check,aes128gcm,ch_cfg.cpu 0x3,1024,rec_seal = rec_seal_without_aead + aead_seal,457.3,455.3,-0.4%
# check,aes128gcm,ch_cfg.cpu 0x3,1024,rec_open = rec_open_without_aead + aead_open,441.0,430.5,-2.4%
aes128gcm,ch_cfg.cpu 0x3,rec_seal,16384,2553.4,0.1558,6416.6,0.2,2526.6,2572.3
aes128gcm,ch_cfg.cpu 0x3,refill,16384,233.0,0.0142,70326.3,0.3,226.9,235.5
aes128gcm,ch_cfg.cpu 0x3,rec_open,16384,2397.8,0.1464,6832.9,0.7,2368.8,2425.9
aes128gcm,ch_cfg.cpu 0x3,rec_seal_without_aead,16384,460.7,0.0281,35566.9,4.1,436.2,472.7
aes128gcm,ch_cfg.cpu 0x3,rec_open_without_aead,16384,190.7,0.0116,85903.9,12.3,180.2,214.9
aes128gcm,ch_cfg.cpu 0x3,seal_aes_gcm,16384,2327.1,0.1420,7040.4,1.3,2284.1,2347.5
aes128gcm,ch_cfg.cpu 0x3,open_aes_gcm,16384,2392.6,0.1460,6847.7,1.3,2350.0,2421.2
aes128gcm,ch_cfg.cpu 0x3,aead_seal,16384,2121.3,0.1295,7723.4,0.0,2096.9,2134.7
aes128gcm,ch_cfg.cpu 0x3,aead_open,16384,2186.8,0.1335,7492.3,0.1,2158.9,2209.8
aes128gcm,ch_cfg.cpu 0x3,counter_mode_in_place,16384,1559.7,0.0952,10504.4,0.2,1542.2,1576.0
aes128gcm,ch_cfg.cpu 0x3,counter_mode_shifted,16384,1551.5,0.0947,10560.3,0.1,1534.1,1565.8
aes128gcm,ch_cfg.cpu 0x3,counter_blocks_in_place,16384,1546.5,0.0944,10594.2,0.1,1529.1,1557.0
aes128gcm,ch_cfg.cpu 0x3,counter_blocks_shifted,16384,1540.4,0.0940,10635.9,0.1,1540.4,1552.7
aes128gcm,ch_cfg.cpu 0x3,seal_passes,16384,2055.6,0.1255,7970.5,0.3,2054.6,2072.7
aes128gcm,ch_cfg.cpu 0x3,open_passes,16384,2136.9,0.1304,7667.3,0.0,2135.8,2150.3
aes128gcm,ch_cfg.cpu 0x3,compute_tag,16384,1086.5,0.0663,15079.5,0.4,1085.1,1095.6
aes128gcm,ch_cfg.cpu 0x3,ghash_data,16384,1035.4,0.0632,15824.5,0.0,1034.9,1042.1
aes128gcm,ch_cfg.cpu 0x3,counter_mode_tail_in_place,16384,13.3,0.0008,1231355.3,34.6,,
aes128gcm,ch_cfg.cpu 0x3,counter_mode_tail_shifted,16384,11.0,0.0007,1485892.8,21.0,,
# check,aes128gcm,ch_cfg.cpu 0x3,16384,seal_aes_gcm = key_expansion + aead_seal + key_wipe,2327.1,2322.7,-0.2%
# check,aes128gcm,ch_cfg.cpu 0x3,16384,open_aes_gcm = key_expansion + aead_open + key_wipe,2392.6,2388.2,-0.2%
# check,aes128gcm,ch_cfg.cpu 0x3,16384,aead_seal = seal_passes + compute_tag_fixed,2121.3,2105.6,-0.7%
# check,aes128gcm,ch_cfg.cpu 0x3,16384,aead_open = open_passes + compute_tag_fixed,2186.8,2186.9,+0.0%
# check,aes128gcm,ch_cfg.cpu 0x3,16384,compute_tag = ghash_data + compute_tag_fixed,1086.5,1085.4,-0.1%
# check,aes128gcm,ch_cfg.cpu 0x3,16384,rec_seal = rec_seal_without_aead + aead_seal,2553.4,2582.0,+1.1%
# check,aes128gcm,ch_cfg.cpu 0x3,16384,rec_open = rec_open_without_aead + aead_open,2397.8,2377.5,-0.8%
aes128gcm,ch_cfg.cpu 0x3,refill,65536,966.3,0.0147,67823.8,1.3,951.0,1011.5
aes128gcm,ch_cfg.cpu 0x3,seal_aes_gcm,65536,8364.9,0.1276,7834.6,1.1,8254.9,8420.6
aes128gcm,ch_cfg.cpu 0x3,open_aes_gcm,65536,8680.2,0.1324,7550.0,0.8,8567.7,8743.4
aes128gcm,ch_cfg.cpu 0x3,aead_seal,65536,8159.2,0.1245,8032.2,0.0,8092.4,8201.5
aes128gcm,ch_cfg.cpu 0x3,aead_open,65536,8477.1,0.1294,7731.0,0.1,8385.5,8548.3
aes128gcm,ch_cfg.cpu 0x3,counter_mode_in_place,65536,6179.7,0.0943,10605.1,0.9,6104.3,6213.1
aes128gcm,ch_cfg.cpu 0x3,counter_mode_shifted,65536,6141.8,0.0937,10670.5,0.9,6072.9,6181.0
aes128gcm,ch_cfg.cpu 0x3,counter_blocks_in_place,65536,6158.0,0.0940,10642.3,0.7,6088.9,6185.7
aes128gcm,ch_cfg.cpu 0x3,counter_blocks_shifted,65536,6133.8,0.0936,10684.4,0.8,6064.9,6168.5
aes128gcm,ch_cfg.cpu 0x3,seal_passes,65536,8090.8,0.1235,8100.0,0.5,8001.6,8164.7
aes128gcm,ch_cfg.cpu 0x3,open_passes,65536,8403.3,0.1282,7798.8,1.1,8308.9,8466.1
aes128gcm,ch_cfg.cpu 0x3,compute_tag,65536,4096.4,0.0625,15998.6,0.8,4049.3,4122.7
aes128gcm,ch_cfg.cpu 0x3,ghash_data,65536,4045.9,0.0617,16198.1,0.5,3999.5,4074.5
aes128gcm,ch_cfg.cpu 0x3,counter_mode_tail_in_place,65536,21.6,0.0003,3027831.8,66.2,,
aes128gcm,ch_cfg.cpu 0x3,counter_mode_tail_shifted,65536,8.0,0.0001,8216070.5,167.3,,
# check,aes128gcm,ch_cfg.cpu 0x3,65536,seal_aes_gcm = key_expansion + aead_seal + key_wipe,8364.9,8360.6,-0.1%
# check,aes128gcm,ch_cfg.cpu 0x3,65536,open_aes_gcm = key_expansion + aead_open + key_wipe,8680.2,8678.5,-0.0%
# check,aes128gcm,ch_cfg.cpu 0x3,65536,aead_seal = seal_passes + compute_tag_fixed,8159.2,8140.8,-0.2%
# check,aes128gcm,ch_cfg.cpu 0x3,65536,aead_open = open_passes + compute_tag_fixed,8477.1,8453.3,-0.3%
# check,aes128gcm,ch_cfg.cpu 0x3,65536,compute_tag = ghash_data + compute_tag_fixed,4096.4,4095.9,-0.0%
aes256gcm,ch_cfg.cpu 0x3,rec_seal,1024,531.5,0.5190,1926.6,0.8,522.1,536.6
aes256gcm,ch_cfg.cpu 0x3,refill,1024,15.6,0.0152,65728.6,0.0,15.6,15.7
aes256gcm,ch_cfg.cpu 0x3,rec_open,1024,517.3,0.5052,1979.4,1.6,505.0,526.2
aes256gcm,ch_cfg.cpu 0x3,rec_seal_without_aead,1024,270.8,0.2645,3781.4,2.6,256.0,281.5
aes256gcm,ch_cfg.cpu 0x3,rec_open_without_aead,1024,246.9,0.2411,4148.2,10.4,228.0,265.9
aes256gcm,ch_cfg.cpu 0x3,key_expansion,0,247.4,,,10.7,226.2,268.5
aes256gcm,ch_cfg.cpu 0x3,key_wipe,0,5.1,,,0.2,5.1,5.1
aes256gcm,ch_cfg.cpu 0x3,seal_aes_gcm,1024,516.8,0.5047,1981.4,1.1,505.7,524.4
aes256gcm,ch_cfg.cpu 0x3,open_aes_gcm,1024,514.6,0.5026,1989.8,2.0,499.5,526.9
aes256gcm,ch_cfg.cpu 0x3,aead_seal,1024,268.2,0.2620,3817.3,0.3,265.3,270.1
aes256gcm,ch_cfg.cpu 0x3,aead_open,1024,254.5,0.2485,4024.2,0.5,253.6,256.9
aes256gcm,ch_cfg.cpu 0x3,counter_mode_in_place,1024,137.9,0.1346,7427.4,1.1,136.4,139.3
aes256gcm,ch_cfg.cpu 0x3,counter_mode_shifted,1024,139.3,0.1361,7348.5,0.4,138.0,140.2
aes256gcm,ch_cfg.cpu 0x3,counter_blocks_in_place,1024,125.2,0.1222,8180.3,0.2,125.2,126.1
aes256gcm,ch_cfg.cpu 0x3,counter_blocks_shifted,1024,125.2,0.1223,8175.7,0.2,125.2,126.0
aes256gcm,ch_cfg.cpu 0x3,seal_passes,1024,203.5,0.1988,5030.8,0.3,203.0,205.2
aes256gcm,ch_cfg.cpu 0x3,open_passes,1024,199.0,0.1943,5145.9,0.2,198.4,200.4
aes256gcm,ch_cfg.cpu 0x3,compute_tag,1024,147.9,0.1444,6925.1,0.6,146.9,150.1
aes256gcm,ch_cfg.cpu 0x3,ghash_data,1024,108.5,0.1060,9435.1,0.2,108.1,109.3
aes256gcm,ch_cfg.cpu 0x3,compute_tag_fixed,0,49.0,,,11.5,47.0,52.8
aes256gcm,ch_cfg.cpu 0x3,counter_mode_tail_in_place,1024,12.7,0.0124,80660.5,11.6,,
aes256gcm,ch_cfg.cpu 0x3,counter_mode_tail_shifted,1024,14.1,0.0138,72628.6,4.2,,
# check,aes256gcm,ch_cfg.cpu 0x3,1024,seal_aes_gcm = key_expansion + aead_seal + key_wipe,516.8,520.7,+0.8%
# check,aes256gcm,ch_cfg.cpu 0x3,1024,open_aes_gcm = key_expansion + aead_open + key_wipe,514.6,506.9,-1.5%
# check,aes256gcm,ch_cfg.cpu 0x3,1024,aead_seal = seal_passes + compute_tag_fixed,268.2,252.6,-5.9%
# check,aes256gcm,ch_cfg.cpu 0x3,1024,aead_open = open_passes + compute_tag_fixed,254.5,248.0,-2.5%
# check,aes256gcm,ch_cfg.cpu 0x3,1024,compute_tag = ghash_data + compute_tag_fixed,147.9,157.5,+6.5%
# check,aes256gcm,ch_cfg.cpu 0x3,1024,rec_seal = rec_seal_without_aead + aead_seal,531.5,539.1,+1.4%
# check,aes256gcm,ch_cfg.cpu 0x3,1024,rec_open = rec_open_without_aead + aead_open,517.3,501.3,-3.1%
aes256gcm,ch_cfg.cpu 0x3,rec_seal,16384,3048.7,0.1861,5374.0,0.3,3026.0,3075.8
aes256gcm,ch_cfg.cpu 0x3,refill,16384,233.3,0.0142,70220.5,0.3,232.4,234.6
aes256gcm,ch_cfg.cpu 0x3,rec_open,16384,2854.8,0.1742,5739.0,0.3,2825.9,2867.6
aes256gcm,ch_cfg.cpu 0x3,rec_seal_without_aead,16384,512.4,0.0313,31976.3,2.8,494.5,521.5
aes256gcm,ch_cfg.cpu 0x3,rec_open_without_aead,16384,234.7,0.0143,69802.0,10.4,227.5,265.8
aes256gcm,ch_cfg.cpu 0x3,seal_aes_gcm,16384,2822.0,0.1722,5805.8,0.5,2795.3,2840.2
aes256gcm,ch_cfg.cpu 0x3,open_aes_gcm,16384,2851.3,0.1740,5746.1,0.9,2820.7,2880.5
aes256gcm,ch_cfg.cpu 0x3,aead_seal,16384,2573.2,0.1571,6367.1,0.2,2571.0,2588.5
aes256gcm,ch_cfg.cpu 0x3,aead_open,16384,2609.4,0.1593,6278.9,0.3,2598.3,2626.1
aes256gcm,ch_cfg.cpu 0x3,counter_mode_in_place,16384,1954.7,0.1193,8382.0,0.1,1953.6,1969.6
aes256gcm,ch_cfg.cpu 0x3,counter_mode_shifted,16384,1944.8,0.1187,8424.4,0.3,1944.1,1964.8
aes256gcm,ch_cfg.cpu 0x3,counter_blocks_in_place,16384,1939.7,0.1184,8446.7,0.0,1939.5,1949.6
aes256gcm,ch_cfg.cpu 0x3,counter_blocks_shifted,16384,1935.3,0.1181,8465.9,0.0,1935.1,1952.4
aes256gcm,ch_cfg.cpu 0x3,seal_passes,16384,2503.2,0.1528,6545.3,0.2,2501.7,2521.6
aes256gcm,ch_cfg.cpu 0x3,open_passes,16384,2555.3,0.1560,6411.9,0.1,2554.4,2567.8
aes256gcm,ch_cfg.cpu 0x3,compute_tag,16384,1088.6,0.0664,15050.2,0.2,1077.8,1100.6
aes256gcm,ch_cfg.cpu 0x3,ghash_data,16384,1035.3,0.0632,15825.7,0.1,1023.6,1045.7
aes256gcm,ch_cfg.cpu 0x3,counter_mode_tail_in_place,16384,15.0,0.0009,1094118.7,6.5,,
aes256gcm,ch_cfg.cpu 0x3,counter_mode_tail_shifted,16384,9.5,0.0006,1720740.1,68.4,,
# check,aes256gcm,ch_cfg.cpu 0x3,16384,seal_aes_gcm = key_expansion + aead_seal + key_wipe,2822.0,2825.7,+0.1%
# check,aes256gcm,ch_cfg.cpu 0x3,16384,open_aes_gcm = key_expansion + aead_open + key_wipe,2851.3,2861.9,+0.4%
# check,aes256gcm,ch_cfg.cpu 0x3,16384,aead_seal = seal_passes + compute_tag_fixed,2573.2,2552.2,-0.8%
# check,aes256gcm,ch_cfg.cpu 0x3,16384,aead_open = open_passes + compute_tag_fixed,2609.4,2604.3,-0.2%
# check,aes256gcm,ch_cfg.cpu 0x3,16384,compute_tag = ghash_data + compute_tag_fixed,1088.6,1084.3,-0.4%
# check,aes256gcm,ch_cfg.cpu 0x3,16384,rec_seal = rec_seal_without_aead + aead_seal,3048.7,3085.6,+1.2%
# check,aes256gcm,ch_cfg.cpu 0x3,16384,rec_open = rec_open_without_aead + aead_open,2854.8,2844.1,-0.4%
aes256gcm,ch_cfg.cpu 0x3,refill,65536,968.8,0.0148,67644.4,1.4,953.3,1023.2
aes256gcm,ch_cfg.cpu 0x3,seal_aes_gcm,65536,10199.2,0.1556,6425.6,1.5,10085.9,10270.8
aes256gcm,ch_cfg.cpu 0x3,open_aes_gcm,65536,10359.2,0.1581,6326.3,1.7,10232.4,10436.7
aes256gcm,ch_cfg.cpu 0x3,aead_seal,65536,9953.8,0.1519,6584.0,0.7,9881.2,10042.6
aes256gcm,ch_cfg.cpu 0x3,aead_open,65536,10120.7,0.1544,6475.5,1.0,10039.4,10191.6
aes256gcm,ch_cfg.cpu 0x3,counter_mode_in_place,65536,7750.3,0.1183,8455.9,0.7,7699.2,7806.3
aes256gcm,ch_cfg.cpu 0x3,counter_mode_shifted,65536,7723.1,0.1178,8485.7,1.2,7636.7,7778.0
aes256gcm,ch_cfg.cpu 0x3,counter_blocks_in_place,65536,7729.2,0.1179,8479.0,0.9,7681.0,7793.9
aes256gcm,ch_cfg.cpu 0x3,counter_blocks_shifted,65536,7725.9,0.1179,8482.6,1.1,7649.3,7752.6
aes256gcm,ch_cfg.cpu 0x3,seal_passes,65536,9879.6,0.1508,6633.5,1.3,9769.5,10009.4
aes256gcm,ch_cfg.cpu 0x3,open_passes,65536,10067.4,0.1536,6509.7,1.1,9973.3,10182.3
aes256gcm,ch_cfg.cpu 0x3,compute_tag,65536,4098.5,0.0625,15990.3,1.5,4053.7,4152.5
aes256gcm,ch_cfg.cpu 0x3,ghash_data,65536,4046.1,0.0617,16197.5,1.4,4000.5,4082.4
aes256gcm,ch_cfg.cpu 0x3,counter_mode_tail_in_place,65536,20.8,0.0003,3146514.6,103.1,,
aes256gcm,ch_cfg.cpu 0x3,counter_mode_tail_shifted,65536,-6.3,-0.0001,-10324440.6,-656.4,,
# check,aes256gcm,ch_cfg.cpu 0x3,65536,seal_aes_gcm = key_expansion + aead_seal + key_wipe,10199.2,10206.2,+0.1%
# check,aes256gcm,ch_cfg.cpu 0x3,65536,open_aes_gcm = key_expansion + aead_open + key_wipe,10359.2,10373.2,+0.1%
# check,aes256gcm,ch_cfg.cpu 0x3,65536,aead_seal = seal_passes + compute_tag_fixed,9953.8,9928.6,-0.3%
# check,aes256gcm,ch_cfg.cpu 0x3,65536,aead_open = open_passes + compute_tag_fixed,10120.7,10116.4,-0.0%
# check,aes256gcm,ch_cfg.cpu 0x3,65536,compute_tag = ghash_data + compute_tag_fixed,4098.5,4095.1,-0.1%
chacha20poly1305,ch_cfg.cpu 0x3,rec_seal,1024,2994.4,2.9242,342.0,0.2,2909.7,3020.2
chacha20poly1305,ch_cfg.cpu 0x3,refill,1024,15.6,0.0152,65734.0,0.1,15.2,15.7
chacha20poly1305,ch_cfg.cpu 0x3,rec_open,1024,2964.6,2.8951,345.4,0.3,2881.0,2984.6
chacha20poly1305,ch_cfg.cpu 0x3,rec_seal_without_aead,1024,18.9,0.0184,54286.1,0.0,18.3,19.0
chacha20poly1305,ch_cfg.cpu 0x3,rec_open_without_aead,1024,6.2,0.0061,164335.7,0.3,6.1,6.3
chacha20poly1305,ch_cfg.cpu 0x3,aead_seal,1024,2951.3,2.8822,347.0,0.3,2918.3,2982.1
chacha20poly1305,ch_cfg.cpu 0x3,aead_open,1024,2952.4,2.8832,346.8,0.4,2918.3,2980.8
chacha20poly1305,ch_cfg.cpu 0x3,chacha20_xor_in_place,1024,730.3,0.7132,1402.1,0.2,721.9,737.7
chacha20poly1305,ch_cfg.cpu 0x3,chacha20_xor_shifted,1024,730.3,0.7132,1402.2,0.4,722.1,735.6
chacha20poly1305,ch_cfg.cpu 0x3,chacha20_blocks,1024,709.4,0.6927,1443.6,0.3,700.9,714.4
chacha20poly1305,ch_cfg.cpu 0x3,mac,1024,2223.4,2.1713,460.6,0.4,2197.4,2246.7
chacha20poly1305,ch_cfg.cpu 0x3,poly1305_data,1024,1996.9,1.9501,512.8,0.4,1971.0,2005.5
chacha20poly1305,ch_cfg.cpu 0x3,mac_fixed,0,189.0,,,0.5,184.8,190.2
chacha20poly1305,ch_cfg.cpu 0x3,xor_rest_in_place,1024,20.9,0.0204,48913.2,9.4,,
chacha20poly1305,ch_cfg.cpu 0x3,xor_rest_shifted,1024,21.3,0.0208,48027.1,21.3,,
chacha20poly1305,ch_cfg.cpu 0x3,aead_seal_data,1024,2762.5,2.6977,370.7,0.3,,
chacha20poly1305,ch_cfg.cpu 0x3,aead_open_data,1024,2764.1,2.6993,370.5,0.4,,
# check,chacha20poly1305,ch_cfg.cpu 0x3,1024,aead_seal = chacha20_xor_in_place + poly1305_data + mac_fixed,2951.3,2916.2,-1.2%
# check,chacha20poly1305,ch_cfg.cpu 0x3,1024,aead_open = chacha20_xor_shifted + poly1305_data + mac_fixed,2952.4,2916.1,-1.2%
# check,chacha20poly1305,ch_cfg.cpu 0x3,1024,mac = poly1305_data + mac_fixed,2223.4,2185.8,-1.7%
# check,chacha20poly1305,ch_cfg.cpu 0x3,1024,rec_seal = rec_seal_without_aead + aead_seal,2994.4,2970.2,-0.8%
# check,chacha20poly1305,ch_cfg.cpu 0x3,1024,rec_open = rec_open_without_aead + aead_open,2964.6,2958.6,-0.2%
chacha20poly1305,ch_cfg.cpu 0x3,rec_seal,16384,40669.2,2.4823,402.9,0.3,40613.3,40993.5
chacha20poly1305,ch_cfg.cpu 0x3,refill,16384,232.8,0.0142,70366.2,0.3,227.2,234.3
chacha20poly1305,ch_cfg.cpu 0x3,rec_open,16384,40370.1,2.4640,405.8,0.4,40342.7,40594.2
chacha20poly1305,ch_cfg.cpu 0x3,rec_seal_without_aead,16384,241.6,0.0147,67816.7,0.4,233.9,245.7
chacha20poly1305,ch_cfg.cpu 0x3,rec_open_without_aead,16384,6.2,0.0004,2630377.6,0.3,6.2,6.3
chacha20poly1305,ch_cfg.cpu 0x3,aead_seal,16384,40404.9,2.4661,405.5,0.3,40351.6,40605.5
chacha20poly1305,ch_cfg.cpu 0x3,aead_open,16384,40394.5,2.4655,405.6,0.4,40355.5,40691.2
chacha20poly1305,ch_cfg.cpu 0x3,chacha20_xor_in_place,16384,8147.1,0.4973,2011.0,0.5,8145.2,8275.1
chacha20poly1305,ch_cfg.cpu 0x3,chacha20_xor_shifted,16384,8145.2,0.4971,2011.5,0.3,8143.6,8318.0
chacha20poly1305,ch_cfg.cpu 0x3,chacha20_blocks,16384,7648.1,0.4668,2142.2,0.4,7626.3,7699.5
chacha20poly1305,ch_cfg.cpu 0x3,mac,16384,32242.2,1.9679,508.2,0.3,32210.9,32518.2
chacha20poly1305,ch_cfg.cpu 0x3,poly1305_data,16384,31906.2,1.9474,513.5,0.5,31890.6,32750.0
chacha20poly1305,ch_cfg.cpu 0x3,xor_rest_in_place,16384,520.0,0.0317,31506.5,9.0,,
chacha20poly1305,ch_cfg.cpu 0x3,xor_rest_shifted,16384,506.5,0.0309,32346.5,7.5,,
chacha20poly1305,ch_cfg.cpu 0x3,aead_seal_data,16384,40216.3,2.4546,407.4,0.3,,
chacha20poly1305,ch_cfg.cpu 0x3,aead_open_data,16384,40206.2,2.4540,407.5,0.4,,
# check,chacha20poly1305,ch_cfg.cpu 0x3,16384,aead_seal = chacha20_xor_in_place + poly1305_data + mac_fixed,40404.9,40242.3,-0.4%
# check,chacha20poly1305,ch_cfg.cpu 0x3,16384,aead_open = chacha20_xor_shifted + poly1305_data + mac_fixed,40394.5,40240.4,-0.4%
# check,chacha20poly1305,ch_cfg.cpu 0x3,16384,mac = poly1305_data + mac_fixed,32242.2,32095.2,-0.5%
# check,chacha20poly1305,ch_cfg.cpu 0x3,16384,rec_seal = rec_seal_without_aead + aead_seal,40669.2,40646.5,-0.1%
# check,chacha20poly1305,ch_cfg.cpu 0x3,16384,rec_open = rec_open_without_aead + aead_open,40370.1,40400.7,+0.1%
chacha20poly1305,ch_cfg.cpu 0x3,refill,65536,964.8,0.0147,67924.0,0.9,954.3,1018.5
chacha20poly1305,ch_cfg.cpu 0x3,aead_seal,65536,160083.4,2.4427,409.4,0.1,159911.5,161187.5
chacha20poly1305,ch_cfg.cpu 0x3,aead_open,65536,160201.5,2.4445,409.1,0.3,159984.7,161586.9
chacha20poly1305,ch_cfg.cpu 0x3,chacha20_xor_in_place,65536,31869.8,0.4863,2056.4,0.0,31862.0,32177.1
chacha20poly1305,ch_cfg.cpu 0x3,chacha20_xor_shifted,65536,31931.6,0.4872,2052.4,0.1,31860.7,32031.2
chacha20poly1305,ch_cfg.cpu 0x3,chacha20_blocks,65536,29804.7,0.4548,2198.8,0.3,29757.8,30017.6
chacha20poly1305,ch_cfg.cpu 0x3,mac,65536,128213.6,1.9564,511.1,0.1,128046.9,129000.0
chacha20poly1305,ch_cfg.cpu 0x3,poly1305_data,65536,127890.6,1.9515,512.4,0.1,127718.8,128724.0
chacha20poly1305,ch_cfg.cpu 0x3,xor_rest_in_place,65536,2065.1,0.0315,31734.6,4.0,,
chacha20poly1305,ch_cfg.cpu 0x3,xor_rest_shifted,65536,2117.2,0.0323,30954.3,5.8,,
chacha20poly1305,ch_cfg.cpu 0x3,aead_seal_data,65536,159894.7,2.4398,409.9,0.1,,
chacha20poly1305,ch_cfg.cpu 0x3,aead_open_data,65536,160012.5,2.4416,409.6,0.3,,
# check,chacha20poly1305,ch_cfg.cpu 0x3,65536,aead_seal = chacha20_xor_in_place + poly1305_data + mac_fixed,160083.4,159949.4,-0.1%
# check,chacha20poly1305,ch_cfg.cpu 0x3,65536,aead_open = chacha20_xor_shifted + poly1305_data + mac_fixed,160201.5,160011.2,-0.1%
# check,chacha20poly1305,ch_cfg.cpu 0x3,65536,mac = poly1305_data + mac_fixed,128213.6,128079.6,-0.1%
chacha20poly1305,ch_cfg.cpu 0x7,rec_seal,1024,1125.7,1.0993,909.6,0.1,1092.7,1132.3
chacha20poly1305,ch_cfg.cpu 0x7,refill,1024,15.6,0.0153,65554.7,0.1,15.2,15.7
chacha20poly1305,ch_cfg.cpu 0x7,rec_open,1024,1105.4,1.0795,926.3,0.4,1072.4,1113.3
chacha20poly1305,ch_cfg.cpu 0x7,rec_seal_without_aead,1024,18.8,0.0184,54410.8,0.2,18.3,18.9
chacha20poly1305,ch_cfg.cpu 0x7,rec_open_without_aead,1024,6.2,0.0061,164461.5,0.4,6.1,6.3
chacha20poly1305,ch_cfg.cpu 0x7,aead_seal,1024,1095.0,1.0693,935.1,0.3,1064.5,1101.4
chacha20poly1305,ch_cfg.cpu 0x7,aead_open,1024,1095.3,1.0696,934.9,0.2,1081.9,1102.4
chacha20poly1305,ch_cfg.cpu 0x7,chacha20_xor_in_place,1024,730.3,0.7132,1402.1,1.2,711.3,735.5
chacha20poly1305,ch_cfg.cpu 0x7,chacha20_xor_shifted,1024,730.3,0.7131,1402.2,0.1,721.9,735.7
chacha20poly1305,ch_cfg.cpu 0x7,chacha20_blocks,1024,708.9,0.6923,1444.5,0.2,689.1,713.6
chacha20poly1305,ch_cfg.cpu 0x7,mac,1024,369.9,0.3613,2768.1,0.3,364.3,372.4
chacha20poly1305,ch_cfg.cpu 0x7,poly1305_data,1024,199.5,0.1948,5133.3,0.8,196.3,201.5
chacha20poly1305,ch_cfg.cpu 0x7,mac_fixed,0,151.2,,,0.4,147.9,152.2
chacha20poly1305,ch_cfg.cpu 0x7,xor_rest_in_place,1024,21.5,0.0210,47618.2,37.3,,
chacha20poly1305,ch_cfg.cpu 0x7,xor_rest_shifted,1024,21.2,0.0207,48349.3,4.8,,
chacha20poly1305,ch_cfg.cpu 0x7,aead_seal_data,1024,943.6,0.9215,1085.2,0.3,,
chacha20poly1305,ch_cfg.cpu 0x7,aead_open_data,1024,943.9,0.9217,1084.9,0.2,,
# check,chacha20poly1305,ch_cfg.cpu 0x7,1024,aead_seal = chacha20_xor_in_place + poly1305_data + mac_fixed,1095.0,1081.0,-1.3%
# check,chacha20poly1305,ch_cfg.cpu 0x7,1024,aead_open = chacha20_xor_shifted + poly1305_data + mac_fixed,1095.3,1081.0,-1.3%
# check,chacha20poly1305,ch_cfg.cpu 0x7,1024,mac = poly1305_data + mac_fixed,369.9,350.7,-5.2%
# check,chacha20poly1305,ch_cfg.cpu 0x7,1024,rec_seal = rec_seal_without_aead + aead_seal,1125.7,1113.8,-1.1%
# check,chacha20poly1305,ch_cfg.cpu 0x7,1024,rec_open = rec_open_without_aead + aead_open,1105.4,1101.5,-0.4%
chacha20poly1305,ch_cfg.cpu 0x7,rec_seal,16384,11179.0,0.6823,1465.6,0.4,10998.0,11270.8
chacha20poly1305,ch_cfg.cpu 0x7,refill,16384,232.6,0.0142,70443.2,0.4,225.7,234.6
chacha20poly1305,ch_cfg.cpu 0x7,rec_open,16384,10918.0,0.6664,1500.6,1.2,10629.2,10977.5
chacha20poly1305,ch_cfg.cpu 0x7,rec_seal_without_aead,16384,242.5,0.0148,67562.1,1.3,236.8,251.2
chacha20poly1305,ch_cfg.cpu 0x7,rec_open_without_aead,16384,6.2,0.0004,2624150.0,1.2,6.2,6.3
chacha20poly1305,ch_cfg.cpu 0x7,aead_seal,16384,10911.1,0.6660,1501.6,1.2,10785.8,10970.7
chacha20poly1305,ch_cfg.cpu 0x7,aead_open,16384,10908.1,0.6658,1502.0,1.0,10780.8,10971.7
chacha20poly1305,ch_cfg.cpu 0x7,chacha20_xor_in_place,16384,8146.5,0.4972,2011.2,1.6,8053.7,8231.1
chacha20poly1305,ch_cfg.cpu 0x7,chacha20_xor_shifted,16384,8144.9,0.4971,2011.6,1.4,8052.7,8216.1
chacha20poly1305,ch_cfg.cpu 0x7,chacha20_blocks,16384,7638.8,0.4662,2144.8,0.3,7540.4,7696.9
chacha20poly1305,ch_cfg.cpu 0x7,mac,16384,2768.7,0.1690,5917.5,0.3,2691.1,2782.1
chacha20poly1305,ch_cfg.cpu 0x7,poly1305_data,16384,2598.8,0.1586,6304.5,0.1,2566.7,2629.1
chacha20poly1305,ch_cfg.cpu 0x7,xor_rest_in_place,16384,498.9,0.0304,32843.2,24.2,,
chacha20poly1305,ch_cfg.cpu 0x7,xor_rest_shifted,16384,507.6,0.0310,32274.3,17.3,,
chacha20poly1305,ch_cfg.cpu 0x7,aead_seal_data,16384,10759.8,0.6567,1522.7,1.3,,
chacha20poly1305,ch_cfg.cpu 0x7,aead_open_data,16384,10756.4,0.6565,1523.2,1.0,,
# check,chacha20poly1305,ch_cfg.cpu 0x7,16384,aead_seal = chacha20_xor_in_place + poly1305_data + mac_fixed,10911.1,10896.5,-0.1%
# check,chacha20poly1305,ch_cfg.cpu 0x7,16384,aead_open = chacha20_xor_shifted + poly1305_data + mac_fixed,10908.1,10894.9,-0.1%
# check,chacha20poly1305,ch_cfg.cpu 0x7,16384,mac = poly1305_data + mac_fixed,2768.7,2750.0,-0.7%
# check,chacha20poly1305,ch_cfg.cpu 0x7,16384,rec_seal = rec_seal_without_aead + aead_seal,11179.0,11153.6,-0.2%
# check,chacha20poly1305,ch_cfg.cpu 0x7,16384,rec_open = rec_open_without_aead + aead_open,10918.0,10914.3,-0.0%
chacha20poly1305,ch_cfg.cpu 0x7,refill,65536,963.4,0.0147,68027.2,1.7,944.8,1024.2
chacha20poly1305,ch_cfg.cpu 0x7,aead_seal,65536,42316.4,0.6457,1548.7,1.2,41824.2,42592.5
chacha20poly1305,ch_cfg.cpu 0x7,aead_open,65536,42320.5,0.6458,1548.6,1.8,41826.1,42717.8
chacha20poly1305,ch_cfg.cpu 0x7,chacha20_xor_in_place,65536,31919.3,0.4870,2053.2,1.4,31506.5,31996.8
chacha20poly1305,ch_cfg.cpu 0x7,chacha20_xor_shifted,65536,31918.0,0.4870,2053.3,1.4,31502.0,32044.3
chacha20poly1305,ch_cfg.cpu 0x7,chacha20_blocks,65536,29762.4,0.4541,2202.0,1.4,29423.2,29940.8
chacha20poly1305,ch_cfg.cpu 0x7,mac,65536,10438.1,0.1593,6278.5,1.4,10318.4,10512.7
chacha20poly1305,ch_cfg.cpu 0x7,poly1305_data,65536,10266.0,0.1566,6383.8,1.1,10150.4,10318.0
chacha20poly1305,ch_cfg.cpu 0x7,xor_rest_in_place,65536,2098.3,0.0320,31232.7,3.5,,
chacha20poly1305,ch_cfg.cpu 0x7,xor_rest_shifted,65536,2107.4,0.0322,31097.7,7.8,,
chacha20poly1305,ch_cfg.cpu 0x7,aead_seal_data,65536,42164.8,0.6434,1554.3,1.2,,
chacha20poly1305,ch_cfg.cpu 0x7,aead_open_data,65536,42169.4,0.6435,1554.1,1.8,,
# check,chacha20poly1305,ch_cfg.cpu 0x7,65536,aead_seal = chacha20_xor_in_place + poly1305_data + mac_fixed,42316.4,42336.5,+0.0%
# check,chacha20poly1305,ch_cfg.cpu 0x7,65536,aead_open = chacha20_xor_shifted + poly1305_data + mac_fixed,42320.5,42335.2,+0.0%
# check,chacha20poly1305,ch_cfg.cpu 0x7,65536,mac = poly1305_data + mac_fixed,10438.1,10417.2,-0.2%
aes128gcm,zig 0.16.0 std.crypto,zig_seal,1024,515.4,0.5034,1986.6,0.1,503.2,518.4
aes128gcm,zig 0.16.0 std.crypto,zig_open,1024,540.3,0.5276,1895.4,0.1,539.8,544.5
aes128gcm,zig 0.16.0 std.crypto,zig_seal,16384,4259.3,0.2600,3846.7,0.3,4198.9,4285.6
aes128gcm,zig 0.16.0 std.crypto,zig_open,16384,3980.5,0.2429,4116.1,0.3,3979.3,4003.3
aes128gcm,zig 0.16.0 std.crypto,zig_seal,65536,15796.9,0.2410,4148.7,0.6,15684.3,15974.0
aes128gcm,zig 0.16.0 std.crypto,zig_open,65536,15415.7,0.2352,4251.3,0.3,15377.6,15502.0
aes256gcm,zig 0.16.0 std.crypto,zig_seal,1024,590.6,0.5768,1733.8,0.3,590.4,594.7
aes256gcm,zig 0.16.0 std.crypto,zig_open,1024,590.4,0.5766,1734.4,0.4,590.2,603.5
aes256gcm,zig 0.16.0 std.crypto,zig_seal,16384,5268.2,0.3215,3110.0,0.1,5254.6,5297.9
aes256gcm,zig 0.16.0 std.crypto,zig_open,16384,4857.3,0.2965,3373.1,0.2,4854.2,4889.0
aes256gcm,zig 0.16.0 std.crypto,zig_seal,65536,20586.6,0.3141,3183.4,0.3,20490.9,20678.4
aes256gcm,zig 0.16.0 std.crypto,zig_open,65536,18874.3,0.2880,3472.2,0.2,18859.4,19033.2
chacha20poly1305,zig 0.16.0 std.crypto,zig_seal,1024,2748.0,2.6836,372.6,0.3,2667.0,2776.1
chacha20poly1305,zig 0.16.0 std.crypto,zig_open,1024,2759.8,2.6952,371.0,0.4,2673.6,2790.9
chacha20poly1305,zig 0.16.0 std.crypto,zig_seal,16384,36829.4,2.2479,444.9,1.9,36793.0,37416.7
chacha20poly1305,zig 0.16.0 std.crypto,zig_open,16384,36816.4,2.2471,445.0,1.2,36803.4,37545.6
chacha20poly1305,zig 0.16.0 std.crypto,zig_seal,65536,145718.8,2.2235,449.7,0.8,145666.6,147854.3
chacha20poly1305,zig 0.16.0 std.crypto,zig_open,65536,145760.4,2.2241,449.6,0.9,145703.1,147718.8
aes128gcm,OpenSSL 3.6.5,openssl_seal_aes_gcm,16384,2053.6,0.1253,7978.3,0.4,,
aes128gcm,OpenSSL 3.6.5,openssl_open_aes_gcm,16384,2079.0,0.1269,7880.9,0.8,,
aes256gcm,OpenSSL 3.6.5,openssl_seal_aes_gcm,16384,2474.7,0.1510,6620.6,0.7,,
aes256gcm,OpenSSL 3.6.5,openssl_open_aes_gcm,16384,2479.5,0.1513,6607.7,0.8,,
chacha20poly1305,OpenSSL 3.6.5,openssl_aead_seal_data,16384,9156.6,0.5589,1789.3,1.0,,
chacha20poly1305,OpenSSL 3.6.5,openssl_aead_open_data,16384,9104.6,0.5557,1799.5,0.2,,
