# arm-none-eabi-gcc (Arm GNU Toolchain 15.3.Rel1 (Build arm-15.149)) 15.3.1 20260627; -mcpu=cortex-m3 -mthumb -O2; qemu-system-arm mps2-an385; native_insns adds -DCH_NATIVE_WIDEMUL
op,insns,native_insns
sha256_1kib,57086,57086
hkdf_expand_label_32b,16316,16316
aead_seal_1kib,67367,34672
x25519_scalarmult,27402147,11978513
p256_ecdsa_verify,26660450,26660450
rsa_pss_verify_3072,8400643,8400643
mlkem_keygen,2649830,2649830
mlkem_decaps,3005212,2966237
handshake_crypto,63745404,32898140
handshake_crypto_pq,72147685,41261445
