# bench/primitives.sh on Apple M1 Pro (arm64), Darwin 25.6.0, 2026-10-08, tree v0.2.0-73-g7e58f05f
# Apple clang version 21.0.0 (clang-2100.3.34.2); -std=c11 -O2 -Wall -Wextra -Wpedantic -Werror -Wvla -D_DEFAULT_SOURCE -DCH_RAND_DRBG -I. -Ibench -Itest -DCH_CPU_RUNTIME; primitives adds -DCH_RSA_MODULUS_MAX=512; handshake adds -DCH_ROLE_SERVER -DCH_ROLE_BOTH -DCH_TRANSPORT_TCP_NONBLOCKING -DBENCH_HANDSHAKE_PROGRAM, -DCH_PIN_ECDSA for the ecdsa rows, and -DCH_KEX_PQ for the _hybrid rows, whose client offers X25519MLKEM768 alone
# every timed program is a host object, and the build column is the ch_cfg.cpu value its rows run under: 0x1 is CH_CPU_PROBED alone, and 0xe7 is every bit this CPU has that an object reads: CH_CPU_PROBED, CH_CPU_CONSTANT_TIME_AES, CH_CPU_CONSTANT_TIME_MULTIPLY, CH_CPU_CONSTANT_TIME_SHA256, CH_CPU_CONSTANT_TIME_SHA512
# OpenSSL 3.6.5 rows: `/opt/homebrew/opt/openssl@3/bin/openssl speed -mr -seconds 1`, one second a run: sha256, sha384 and sha3_256 are -evp over -bytes; x25519_base and p256_ecdh_keygen are the key generations of X25519 and ECP-256, which draw their random bytes; x25519 and p256_ecdh are ecdhx25519 and ecdhp256; p256_sign, p256_ecdsa_verify and p384_ecdsa_verify are ecdsap256 and ecdsap384; the mlkem768 rows are ML-KEM-768; rsa_pkcs1_sign and rsa_pkcs1_verify are rsa2048 and rsa3072, which sign and verify with PKCS#1 v1.5 padding, where chapulin signs PSS
# load average (1, 5, 15 min) before: 4.74 5.34 10.80; after: 3.61 3.81 7.73
# run 1 of 5: 1-minute load average 4.74 at its start
# run 2 of 5: 1-minute load average 4.33 at its start
# run 3 of 5: 1-minute load average 3.13 at its start
# run 4 of 5: 1-minute load average 2.70 at its start
# run 5 of 5: 1-minute load average 3.08 at its start
# ns: nanoseconds of CPU time per byte (unit byte) or per operation (unit op), the median over 5 runs; a chapulin run's figure is the median of its samples, on the thread's CPU clock, and an OpenSSL run's is one second's operations over its user CPU time; per_second: 10^6 bytes, or operations, per second at that median; samples: the fewest one run took; iqr_pct: the largest 25th to 75th percentile spread inside one run, percent of its median; run_spread_pct: slowest run less fastest, percent of the median; instructions: retired per byte or per operation, the median over the runs, where the system counts them
primitive,build,unit,bytes,ns,per_second,samples,iqr_pct,run_spread_pct,instructions
sha256,ch_cfg.cpu 0x1,byte,64,11.3694,88.0,101,1.4,0.1,121.13
sha256,ch_cfg.cpu 0x1,byte,1024,5.0364,198.6,101,2.7,0.7,53.65
sha256,ch_cfg.cpu 0x1,byte,16384,4.6434,215.4,101,2.5,0.2,49.43
sha384,ch_cfg.cpu 0x1,byte,64,8.8552,112.9,101,0.8,0.3,77.14
sha384,ch_cfg.cpu 0x1,byte,1024,3.5535,281.4,101,1.2,0.1,36.09
sha384,ch_cfg.cpu 0x1,byte,16384,3.0932,323.3,101,1.4,0.1,31.90
sha512,ch_cfg.cpu 0x1,byte,64,9.3840,106.6,101,1.0,0.3,78.74
sha512,ch_cfg.cpu 0x1,byte,1024,3.5871,278.8,101,2.2,0.2,36.19
sha512,ch_cfg.cpu 0x1,byte,16384,3.0953,323.1,101,3.0,0.3,31.91
sha3_256,ch_cfg.cpu 0x1,byte,64,4.7114,212.3,101,0.6,0.4,66.42
sha3_256,ch_cfg.cpu 0x1,byte,1024,1.9664,508.5,101,0.7,0.5,30.53
sha3_256,ch_cfg.cpu 0x1,byte,16384,1.7993,555.8,101,0.7,0.3,28.50
shake128_squeeze,ch_cfg.cpu 0x1,byte,64,3.9455,253.5,101,3.4,0.8,63.65
shake128_squeeze,ch_cfg.cpu 0x1,byte,1024,1.6982,588.9,101,0.8,0.3,27.04
shake128_squeeze,ch_cfg.cpu 0x1,byte,16384,1.4509,689.2,101,0.7,0.2,23.56
shake256_squeeze,ch_cfg.cpu 0x1,byte,64,3.9456,253.4,101,0.7,0.6,63.65
shake256_squeeze,ch_cfg.cpu 0x1,byte,1024,1.9304,518.0,101,0.5,0.2,30.75
shake256_squeeze,ch_cfg.cpu 0x1,byte,16384,1.7863,559.8,101,0.7,0.2,28.91
hmac_sha256,ch_cfg.cpu 0x1,byte,64,26.9543,37.1,101,3.1,2.7,284.84
hmac_sha256,ch_cfg.cpu 0x1,byte,1024,6.0233,166.0,101,2.9,2.7,63.88
hmac_sha256,ch_cfg.cpu 0x1,byte,16384,4.7029,212.6,101,0.3,0.1,50.07
hkdf_expand_label,ch_cfg.cpu 0x1,op,32,1474.0195,678417.1,101,0.3,0.2,14747
chacha20,ch_cfg.cpu 0x1,byte,64,3.7409,267.3,101,0.3,0.0,43.90
chacha20,ch_cfg.cpu 0x1,byte,1200,0.6135,1630.0,101,0.5,0.0,7.37
chacha20,ch_cfg.cpu 0x1,byte,16384,0.4836,2067.8,101,3.3,0.5,5.84
drbg,ch_cfg.cpu 0x1,byte,32,3.6246,275.9,101,3.2,2.0,38.94
drbg,ch_cfg.cpu 0x1,byte,1024,1.6354,611.5,101,3.1,0.9,18.56
drbg,ch_cfg.cpu 0x1,byte,16384,1.5297,653.7,101,0.8,0.1,17.42
poly1305,ch_cfg.cpu 0x1,byte,64,2.3727,421.5,101,0.3,0.1,27.16
poly1305,ch_cfg.cpu 0x1,byte,1200,1.9783,505.5,101,0.3,0.1,21.16
poly1305,ch_cfg.cpu 0x1,byte,16384,1.9544,511.7,101,0.3,0.1,20.84
chacha20_poly1305_seal,ch_cfg.cpu 0x1,byte,64,8.9725,111.5,101,0.6,0.2,106.19
chacha20_poly1305_seal,ch_cfg.cpu 0x1,byte,1200,2.7435,364.5,101,0.5,0.1,30.39
chacha20_poly1305_seal,ch_cfg.cpu 0x1,byte,16384,2.4482,408.5,101,3.2,1.4,26.82
chacha20_poly1305_open,ch_cfg.cpu 0x1,byte,64,8.6335,115.8,101,3.1,3.1,106.21
chacha20_poly1305_open,ch_cfg.cpu 0x1,byte,1200,2.7245,367.0,101,3.1,1.8,30.39
chacha20_poly1305_open,ch_cfg.cpu 0x1,byte,16384,2.4464,408.8,101,0.5,0.1,26.82
p256_ecdsa_verify,ch_cfg.cpu 0x1,op,0,53445.9688,18710.5,101,1.9,0.3,563445
p384_ecdsa_verify,ch_cfg.cpu 0x1,op,0,270854.1250,3692.0,101,3.7,2.2,3381638
rsa_pss_verify_2048,ch_cfg.cpu 0x1,op,0,24840.5000,40256.8,101,2.2,0.4,424864
rsa_pss_verify_3072,ch_cfg.cpu 0x1,op,0,50534.5156,19788.5,101,2.5,0.9,884012
rsa_pss_verify_4096,ch_cfg.cpu 0x1,op,0,88548.1875,11293.3,101,3.0,0.7,1510948
rsa_pkcs1_verify_2048,ch_cfg.cpu 0x1,op,0,21340.1719,46860.0,101,0.5,0.1,389635
rsa_pkcs1_verify_3072,ch_cfg.cpu 0x1,op,0,46355.4688,21572.4,101,2.2,1.4,840129
rsa_pkcs1_verify_4096,ch_cfg.cpu 0x1,op,0,81705.7188,12239.0,101,1.5,1.4,1441533
x25519,ch_cfg.cpu 0x1,op,0,898729.2500,1112.7,101,0.3,0.1,12720666
x25519_base,ch_cfg.cpu 0x1,op,0,898604.2500,1112.8,101,0.3,0.1,12720294
mlkem768_keygen,ch_cfg.cpu 0x1,op,0,15781.5703,63365.1,101,0.6,0.3,255291
mlkem768_encaps,ch_cfg.cpu 0x1,op,0,18671.5547,53557.4,101,0.5,0.2,305812
mlkem768_decaps,ch_cfg.cpu 0x1,op,0,20200.5234,49503.7,101,0.4,0.1,328831
p256_ecdh_keygen,ch_cfg.cpu 0x1,op,0,1163896.0000,859.2,101,0.6,0.1,15080905
p256_ecdh,ch_cfg.cpu 0x1,op,0,1165042.0000,858.3,101,1.0,0.2,15087019
p256_sign,ch_cfg.cpu 0x1,op,0,1267791.5000,788.8,101,0.6,0.0,16312633
rsa_pss_sign_2048,ch_cfg.cpu 0x1,op,0,55441291.0000,18.0,17,0.2,0.1,753873858
rsa_pss_sign_3072,ch_cfg.cpu 0x1,op,0,190317708.0000,5.3,11,0.2,0.1,2526216049
handshake_pinned_rsa2048,ch_cfg.cpu 0x1,op,0,59192708.0000,16.9,17,0.4,0.1,806099028
handshake_pinned_rsa2048_client_side,ch_cfg.cpu 0x1,op,0,1872625.0000,534.0,17,0.8,0.3,
handshake_pinned_rsa2048_server_side,ch_cfg.cpu 0x1,op,0,57312084.0000,17.4,17,0.4,0.1,
handshake_pinned_rsa3072,ch_cfg.cpu 0x1,op,0,192875500.0000,5.2,11,0.5,0.0,2578941543
handshake_pinned_rsa3072_client_side,ch_cfg.cpu 0x1,op,0,1898249.0000,526.8,11,3.5,0.5,
handshake_pinned_rsa3072_server_side,ch_cfg.cpu 0x1,op,0,190974834.0000,5.2,11,0.5,0.1,
handshake_pinned_ecdsa_p256,ch_cfg.cpu 0x1,op,0,5012917.0000,199.5,101,0.4,0.2,68639040
handshake_pinned_ecdsa_p256_client_side,ch_cfg.cpu 0x1,op,0,1900042.0000,526.3,101,0.5,0.4,
handshake_pinned_ecdsa_p256_server_side,ch_cfg.cpu 0x1,op,0,3109708.0000,321.6,101,0.4,0.0,
handshake_pinned_rsa2048_hybrid,ch_cfg.cpu 0x1,op,0,59420375.0000,16.8,17,0.1,0.1,807468858
handshake_pinned_rsa2048_hybrid_client_side,ch_cfg.cpu 0x1,op,0,2047583.0000,488.4,17,0.6,0.4,
handshake_pinned_rsa2048_hybrid_server_side,ch_cfg.cpu 0x1,op,0,57375958.0000,17.4,17,0.1,0.1,
handshake_pinned_rsa3072_hybrid,ch_cfg.cpu 0x1,op,0,193045042.0000,5.2,11,0.2,0.1,2580276813
handshake_pinned_rsa3072_hybrid_client_side,ch_cfg.cpu 0x1,op,0,2078917.0000,481.0,11,1.4,0.1,
handshake_pinned_rsa3072_hybrid_server_side,ch_cfg.cpu 0x1,op,0,190964500.0000,5.2,11,0.2,0.1,
handshake_pinned_ecdsa_p256_hybrid,ch_cfg.cpu 0x1,op,0,5111417.0000,195.6,101,0.2,0.0,70020951
handshake_pinned_ecdsa_p256_hybrid_client_side,ch_cfg.cpu 0x1,op,0,1964375.0000,509.1,101,0.4,0.1,
handshake_pinned_ecdsa_p256_hybrid_server_side,ch_cfg.cpu 0x1,op,0,3145375.0000,317.9,101,0.3,0.1,
sha256,ch_cfg.cpu 0xe7,byte,64,1.6685,599.3,101,0.4,0.1,13.52
sha256,ch_cfg.cpu 0xe7,byte,1024,0.4854,2060.2,101,0.4,0.2,2.34
sha256,ch_cfg.cpu 0xe7,byte,16384,0.4200,2381.0,101,0.4,0.1,1.64
sha384,ch_cfg.cpu 0xe7,byte,64,2.9996,333.4,101,0.3,0.1,20.35
sha384,ch_cfg.cpu 0xe7,byte,1024,0.8833,1132.1,101,0.3,0.0,5.51
sha384,ch_cfg.cpu 0xe7,byte,16384,0.7195,1389.9,101,0.3,0.1,4.29
sha512,ch_cfg.cpu 0xe7,byte,64,3.2692,305.9,101,0.5,0.2,20.07
sha512,ch_cfg.cpu 0xe7,byte,1024,0.9097,1099.3,101,0.3,0.0,5.49
sha512,ch_cfg.cpu 0xe7,byte,16384,0.7226,1383.9,101,0.4,0.1,4.28
sha3_256,ch_cfg.cpu 0xe7,byte,64,3.1314,319.3,101,0.6,0.1,37.16
sha3_256,ch_cfg.cpu 0xe7,byte,1024,1.2604,793.4,101,1.6,0.1,15.50
sha3_256,ch_cfg.cpu 0xe7,byte,16384,1.1484,870.8,101,3.0,0.5,14.20
shake128_squeeze,ch_cfg.cpu 0xe7,byte,64,2.5296,395.3,101,0.7,0.3,34.38
shake128_squeeze,ch_cfg.cpu 0xe7,byte,1024,1.0930,914.9,101,0.4,0.2,14.30
shake128_squeeze,ch_cfg.cpu 0xe7,byte,16384,0.9550,1047.1,101,0.4,0.1,12.42
shake256_squeeze,ch_cfg.cpu 0xe7,byte,64,2.5291,395.4,101,1.0,0.6,34.38
shake256_squeeze,ch_cfg.cpu 0xe7,byte,1024,1.2490,800.6,101,0.4,0.0,16.19
shake256_squeeze,ch_cfg.cpu 0xe7,byte,16384,1.1745,851.4,101,0.4,0.1,15.15
hmac_sha256,ch_cfg.cpu 0xe7,byte,64,3.0945,323.2,101,0.7,0.2,28.93
hmac_sha256,ch_cfg.cpu 0xe7,byte,1024,0.5755,1737.6,101,0.4,0.0,3.30
hmac_sha256,ch_cfg.cpu 0xe7,byte,16384,0.4260,2347.4,101,0.3,0.1,1.70
hkdf_expand_label,ch_cfg.cpu 0xe7,op,32,210.7137,4745775.9,101,0.4,0.1,2085
chacha20,ch_cfg.cpu 0xe7,byte,64,3.7410,267.3,101,0.3,0.0,43.90
chacha20,ch_cfg.cpu 0xe7,byte,1200,0.6136,1629.7,101,0.4,0.0,7.37
chacha20,ch_cfg.cpu 0xe7,byte,16384,0.4833,2069.1,101,0.4,0.1,5.84
drbg,ch_cfg.cpu 0xe7,byte,32,3.6215,276.1,101,0.3,0.1,38.94
drbg,ch_cfg.cpu 0xe7,byte,1024,1.6349,611.7,101,0.4,0.1,18.56
drbg,ch_cfg.cpu 0xe7,byte,16384,1.5295,653.8,101,0.6,0.1,17.42
poly1305,ch_cfg.cpu 0xe7,byte,64,1.0207,979.7,101,0.3,0.1,9.08
poly1305,ch_cfg.cpu 0xe7,byte,1200,0.2392,4180.6,101,0.6,0.1,2.65
poly1305,ch_cfg.cpu 0xe7,byte,16384,0.1609,6215.0,101,0.4,0.1,2.03
chacha20_poly1305_seal,ch_cfg.cpu 0xe7,byte,64,7.0305,142.2,101,0.3,0.3,77.83
chacha20_poly1305_seal,ch_cfg.cpu 0xe7,byte,1200,0.9700,1030.9,101,0.3,0.3,11.34
chacha20_poly1305_seal,ch_cfg.cpu 0xe7,byte,16384,0.6531,1531.2,101,0.3,0.1,7.97
chacha20_poly1305_open,ch_cfg.cpu 0xe7,byte,64,6.7532,148.1,101,0.3,0.2,77.84
chacha20_poly1305_open,ch_cfg.cpu 0xe7,byte,1200,0.9556,1046.5,101,0.3,0.1,11.34
chacha20_poly1305_open,ch_cfg.cpu 0xe7,byte,16384,0.6518,1534.2,101,0.5,0.1,7.97
p256_ecdsa_verify,ch_cfg.cpu 0xe7,op,0,53428.3906,18716.6,101,0.3,0.0,563437
p384_ecdsa_verify,ch_cfg.cpu 0xe7,op,0,272562.5000,3668.9,101,2.9,2.1,3381634
rsa_pss_verify_2048,ch_cfg.cpu 0xe7,op,0,24833.3359,40268.5,101,0.3,0.1,424862
rsa_pss_verify_3072,ch_cfg.cpu 0xe7,op,0,50444.0156,19824.0,101,1.9,1.5,884013
rsa_pss_verify_4096,ch_cfg.cpu 0xe7,op,0,88985.6875,11237.8,101,2.3,1.9,1510941
rsa_pkcs1_verify_2048,ch_cfg.cpu 0xe7,op,0,21335.2891,46870.7,101,1.7,0.2,389632
rsa_pkcs1_verify_3072,ch_cfg.cpu 0xe7,op,0,46089.8438,21696.8,101,2.7,0.6,840113
rsa_pkcs1_verify_4096,ch_cfg.cpu 0xe7,op,0,81488.2812,12271.7,101,1.8,0.4,1441517
x25519,ch_cfg.cpu 0xe7,op,0,33007.8125,30295.9,101,0.3,0.1,372403
x25519_base,ch_cfg.cpu 0xe7,op,0,32971.3594,30329.4,101,0.4,0.2,372324
mlkem768_keygen,ch_cfg.cpu 0xe7,op,0,11752.7656,85086.4,101,0.4,0.1,174390
mlkem768_encaps,ch_cfg.cpu 0xe7,op,0,13532.3906,73896.8,101,0.3,0.0,205135
mlkem768_decaps,ch_cfg.cpu 0xe7,op,0,14664.0625,68193.9,101,0.3,0.1,222042
p256_ecdh_keygen,ch_cfg.cpu 0xe7,op,0,9667.4805,103439.6,101,0.5,0.1,122156
p256_ecdh,ch_cfg.cpu 0xe7,op,0,51974.6094,19240.2,101,0.4,0.1,557529
p256_sign,ch_cfg.cpu 0xe7,op,0,13861.1641,72144.0,101,0.3,0.1,166957
rsa_pss_sign_2048,ch_cfg.cpu 0xe7,op,0,813447.7500,1229.3,101,0.3,0.1,15795930
rsa_pss_sign_3072,ch_cfg.cpu 0xe7,op,0,2461833.0000,406.2,101,0.3,0.1,48183912
handshake_pinned_rsa2048,ch_cfg.cpu 0xe7,op,0,991125.0000,1009.0,101,0.4,0.0,17954433
handshake_pinned_rsa2048_client_side,ch_cfg.cpu 0xe7,op,0,99834.0000,10016.6,101,0.2,0.0,
handshake_pinned_rsa2048_server_side,ch_cfg.cpu 0xe7,op,0,889876.0000,1123.8,101,0.4,0.0,
handshake_pinned_rsa3072,ch_cfg.cpu 0xe7,op,0,2666750.0000,375.0,101,0.4,0.0,50806082
handshake_pinned_rsa3072_client_side,ch_cfg.cpu 0xe7,op,0,126667.0000,7894.7,101,1.4,0.6,
handshake_pinned_rsa3072_server_side,ch_cfg.cpu 0xe7,op,0,2538666.0000,393.9,101,0.5,0.0,
handshake_pinned_ecdsa_p256,ch_cfg.cpu 0xe7,op,0,219625.0000,4553.2,101,0.3,0.1,2430885
handshake_pinned_ecdsa_p256_client_side,ch_cfg.cpu 0xe7,op,0,128791.0000,7764.5,101,0.6,0.1,
handshake_pinned_ecdsa_p256_server_side,ch_cfg.cpu 0xe7,op,0,89459.0000,11178.3,101,0.2,0.2,
handshake_pinned_rsa2048_hybrid,ch_cfg.cpu 0xe7,op,0,1057875.0000,945.3,101,0.5,0.2,18741257
handshake_pinned_rsa2048_hybrid_client_side,ch_cfg.cpu 0xe7,op,0,146749.0000,6814.4,101,1.0,0.3,
handshake_pinned_rsa2048_hybrid_server_side,ch_cfg.cpu 0xe7,op,0,909500.0000,1099.5,101,0.4,0.3,
handshake_pinned_rsa3072_hybrid,ch_cfg.cpu 0xe7,op,0,2728625.0000,366.5,101,0.4,0.1,51590393
handshake_pinned_rsa3072_hybrid_client_side,ch_cfg.cpu 0xe7,op,0,172458.0000,5798.5,101,1.0,0.3,
handshake_pinned_rsa3072_hybrid_server_side,ch_cfg.cpu 0xe7,op,0,2554500.0000,391.5,101,0.4,0.0,
handshake_pinned_ecdsa_p256_hybrid,ch_cfg.cpu 0xe7,op,0,283000.0000,3533.6,101,0.5,0.1,3222502
handshake_pinned_ecdsa_p256_hybrid_client_side,ch_cfg.cpu 0xe7,op,0,174959.0000,5715.6,101,0.7,0.1,
handshake_pinned_ecdsa_p256_hybrid_server_side,ch_cfg.cpu 0xe7,op,0,106667.0000,9375.0,101,0.5,0.0,
sha256,OpenSSL 3.6.5,byte,64,2.3424,426.9,,,0.9,
sha384,OpenSSL 3.6.5,byte,64,2.9241,342.0,,,0.5,
sha3_256,OpenSSL 3.6.5,byte,64,5.2999,188.7,,,1.1,
sha256,OpenSSL 3.6.5,byte,16384,0.4225,2366.9,,,0.9,
sha384,OpenSSL 3.6.5,byte,16384,0.7206,1387.7,,,0.8,
sha3_256,OpenSSL 3.6.5,byte,16384,1.1300,885.0,,,0.8,
x25519_base,OpenSSL 3.6.5,op,0,30841.5781,32423.8,,,2.1,
x25519,OpenSSL 3.6.5,op,0,30371.3727,32925.7,,,1.7,
p256_ecdh_keygen,OpenSSL 3.6.5,op,0,9392.2289,106471.0,,,0.7,
p256_ecdh,OpenSSL 3.6.5,op,0,40395.8796,24755.0,,,0.5,
p256_sign,OpenSSL 3.6.5,op,0,17712.4619,56457.4,,,0.7,
p256_ecdsa_verify,OpenSSL 3.6.5,op,0,53581.9536,18663.0,,,1.0,
p384_ecdsa_verify,OpenSSL 3.6.5,op,0,307503.0750,3252.0,,,1.8,
rsa_pkcs1_sign_2048,OpenSSL 3.6.5,op,0,549510.3374,1819.8,,,0.3,
rsa_pkcs1_verify_2048,OpenSSL 3.6.5,op,0,14153.4803,70654.0,,,0.2,
rsa_pkcs1_sign_3072,OpenSSL 3.6.5,op,0,1600633.9151,624.8,,,3.3,
rsa_pkcs1_verify_3072,OpenSSL 3.6.5,op,0,30320.3146,32981.2,,,1.0,
mlkem768_keygen,OpenSSL 3.6.5,op,0,35151.8560,28448.0,,,1.1,
mlkem768_encaps,OpenSSL 3.6.5,op,0,23450.7418,42642.6,,,1.1,
mlkem768_decaps,OpenSSL 3.6.5,op,0,36620.7397,27306.9,,,0.4,
