# bench/record.sh on AMD EPYC 7763 64-Core Processor (x86_64), Linux 6.17.0-1022-azure, 2026-10-05, tree 1f4a922
# gcc (Ubuntu 13.3.0-6ubuntu2~24.04.1) 13.3.0; gcc -Wall -Wextra -Wpedantic -Werror -std=c11 -O2 -D_DEFAULT_SOURCE -Wvla -DCH_RAND_EXTERN -DCH_SUITE_AES_GCM -DCH_CPU_RUNTIME -I. -Ibench; the build column is the ch_cfg.cpu value the rows run under, -DBENCH_CPU: 0x3 states the AES instructions, and 0x7 adds CH_CPU_CONSTANT_TIME_MULTIPLY, the vector Poly1305; ch_cfg.cpu 0x1f adds CH_CPU_AVX2 and CH_CPU_VAES, the AVX2 ChaCha20 and the VAES AES-GCM
# no zig row: zig 0.16.0 is not on PATH; OpenSSL 3.6.4, whose rows' stages are openssl_ and the stage here that times one operation of its `speed -aead`
# load average (1, 5, 15 min) before: 0.47 0.16 0.05; after: 0.81 0.32 0.12
# ns: per record, the median of 5 runs, each the median of 15 batches of at least 1 ms; ns_per_byte and mb_per_s: per byte of the record's plaintext; spread_pct: the slowest run less the fastest, percent of ns; p10_ns and p90_ns: the batches at the 10th and 90th percentile over every run; # check lines: aead, build, record_bytes, a whole and its parts, the whole's ns, the parts' summed ns, and their difference
aead,build,stage,record_bytes,ns,ns_per_byte,mb_per_s,spread_pct,p10_ns,p90_ns
aes128gcm,ch_cfg.cpu 0x3,rec_seal,1024,923.3,0.9017,1109.1,0.4,919.3,927.1
aes128gcm,ch_cfg.cpu 0x3,refill,1024,14.7,0.0143,69769.2,0.2,14.7,14.8
aes128gcm,ch_cfg.cpu 0x3,rec_open,1024,930.9,0.9091,1100.0,0.1,929.1,933.1
aes128gcm,ch_cfg.cpu 0x3,rec_seal_without_aead,1024,428.2,0.4181,2391.6,0.3,426.7,429.3
aes128gcm,ch_cfg.cpu 0x3,rec_open_without_aead,1024,417.3,0.4075,2454.0,0.1,415.7,418.9
aes128gcm,ch_cfg.cpu 0x3,key_expansion,0,415.1,,,0.1,413.5,417.2
aes128gcm,ch_cfg.cpu 0x3,key_wipe,0,5.9,,,0.4,5.9,5.9
aes128gcm,ch_cfg.cpu 0x3,seal_aes_gcm,1024,907.6,0.8864,1128.2,0.3,903.6,913.9
aes128gcm,ch_cfg.cpu 0x3,open_aes_gcm,1024,927.8,0.9061,1103.7,0.1,925.3,931.6
aes128gcm,ch_cfg.cpu 0x3,aead_seal,1024,500.4,0.4887,2046.2,0.7,497.2,506.5
aes128gcm,ch_cfg.cpu 0x3,aead_open,1024,511.3,0.4993,2002.7,0.1,510.0,517.8
aes128gcm,ch_cfg.cpu 0x3,counter_mode_in_place,1024,160.5,0.1567,6379.8,0.6,160.2,161.5
aes128gcm,ch_cfg.cpu 0x3,counter_mode_shifted,1024,159.8,0.1560,6409.5,0.5,158.9,160.5
aes128gcm,ch_cfg.cpu 0x3,counter_blocks_in_place,1024,133.5,0.1304,7668.0,0.2,133.2,134.2
aes128gcm,ch_cfg.cpu 0x3,counter_blocks_shifted,1024,131.3,0.1283,7797.0,0.1,131.1,132.8
aes128gcm,ch_cfg.cpu 0x3,seal_passes,1024,373.3,0.3645,2743.3,0.3,370.8,377.2
aes128gcm,ch_cfg.cpu 0x3,open_passes,1024,384.5,0.3755,2663.0,0.1,382.5,387.2
aes128gcm,ch_cfg.cpu 0x3,compute_tag,1024,289.5,0.2827,3537.6,0.5,288.3,291.7
aes128gcm,ch_cfg.cpu 0x3,ghash_data,1024,211.5,0.2065,4842.5,0.3,210.5,213.2
aes128gcm,ch_cfg.cpu 0x3,compute_tag_fixed,0,79.1,,,0.4,78.6,79.7
aes128gcm,ch_cfg.cpu 0x3,counter_mode_tail_in_place,1024,27.0,0.0264,37893.4,3.4,,
aes128gcm,ch_cfg.cpu 0x3,counter_mode_tail_shifted,1024,28.4,0.0278,36017.4,3.4,,
# check,aes128gcm,ch_cfg.cpu 0x3,1024,seal_aes_gcm = key_expansion + aead_seal + key_wipe,907.6,921.5,+1.5%
# check,aes128gcm,ch_cfg.cpu 0x3,1024,open_aes_gcm = key_expansion + aead_open + key_wipe,927.8,932.4,+0.5%
# check,aes128gcm,ch_cfg.cpu 0x3,1024,aead_seal = seal_passes + compute_tag_fixed,500.4,452.4,-9.6%
# check,aes128gcm,ch_cfg.cpu 0x3,1024,aead_open = open_passes + compute_tag_fixed,511.3,463.6,-9.3%
# check,aes128gcm,ch_cfg.cpu 0x3,1024,compute_tag = ghash_data + compute_tag_fixed,289.5,290.6,+0.4%
# check,aes128gcm,ch_cfg.cpu 0x3,1024,rec_seal = rec_seal_without_aead + aead_seal,923.3,928.6,+0.6%
# check,aes128gcm,ch_cfg.cpu 0x3,1024,rec_open = rec_open_without_aead + aead_open,930.9,928.6,-0.2%
aes128gcm,ch_cfg.cpu 0x3,rec_seal,16384,6481.7,0.3956,2527.7,0.1,6446.6,6519.6
aes128gcm,ch_cfg.cpu 0x3,refill,16384,253.8,0.0155,64553.9,0.0,253.6,255.8
aes128gcm,ch_cfg.cpu 0x3,rec_open,16384,5829.1,0.3558,2810.7,0.3,5799.4,5839.3
aes128gcm,ch_cfg.cpu 0x3,rec_seal_without_aead,16384,1147.2,0.0700,14282.0,0.2,1143.7,1154.8
aes128gcm,ch_cfg.cpu 0x3,rec_open_without_aead,16384,417.5,0.0255,39240.1,0.0,415.7,418.6
aes128gcm,ch_cfg.cpu 0x3,seal_aes_gcm,16384,5720.8,0.3492,2863.9,0.4,5695.2,5787.0
aes128gcm,ch_cfg.cpu 0x3,open_aes_gcm,16384,5838.4,0.3563,2806.3,0.2,5806.9,5852.2
aes128gcm,ch_cfg.cpu 0x3,aead_seal,16384,5355.3,0.3269,3059.4,0.0,5343.8,5398.6
aes128gcm,ch_cfg.cpu 0x3,aead_open,16384,5460.2,0.3333,3000.6,0.4,5438.0,5491.3
aes128gcm,ch_cfg.cpu 0x3,counter_mode_in_place,16384,1939.6,0.1184,8447.0,0.1,1937.1,1952.4
aes128gcm,ch_cfg.cpu 0x3,counter_mode_shifted,16384,1923.5,0.1174,8517.8,0.1,1921.1,1933.3
aes128gcm,ch_cfg.cpu 0x3,counter_blocks_in_place,16384,1907.9,0.1164,8587.5,0.1,1905.3,1911.9
aes128gcm,ch_cfg.cpu 0x3,counter_blocks_shifted,16384,1892.4,0.1155,8657.8,0.1,1886.9,1896.1
aes128gcm,ch_cfg.cpu 0x3,seal_passes,16384,5196.6,0.3172,3152.9,0.1,5186.3,5242.3
aes128gcm,ch_cfg.cpu 0x3,open_passes,16384,5315.5,0.3244,3082.3,0.2,5308.2,5343.3
aes128gcm,ch_cfg.cpu 0x3,compute_tag,16384,2641.8,0.1612,6201.7,0.5,2636.1,2664.1
aes128gcm,ch_cfg.cpu 0x3,ghash_data,16384,2567.0,0.1567,6382.6,0.5,2563.4,2586.0
aes128gcm,ch_cfg.cpu 0x3,counter_mode_tail_in_place,16384,31.9,0.0019,513677.4,5.0,,
aes128gcm,ch_cfg.cpu 0x3,counter_mode_tail_shifted,16384,30.5,0.0019,537421.2,5.8,,
# check,aes128gcm,ch_cfg.cpu 0x3,16384,seal_aes_gcm = key_expansion + aead_seal + key_wipe,5720.8,5776.4,+1.0%
# check,aes128gcm,ch_cfg.cpu 0x3,16384,open_aes_gcm = key_expansion + aead_open + key_wipe,5838.4,5881.3,+0.7%
# check,aes128gcm,ch_cfg.cpu 0x3,16384,aead_seal = seal_passes + compute_tag_fixed,5355.3,5275.7,-1.5%
# check,aes128gcm,ch_cfg.cpu 0x3,16384,aead_open = open_passes + compute_tag_fixed,5460.2,5394.6,-1.2%
# check,aes128gcm,ch_cfg.cpu 0x3,16384,compute_tag = ghash_data + compute_tag_fixed,2641.8,2646.1,+0.2%
# check,aes128gcm,ch_cfg.cpu 0x3,16384,rec_seal = rec_seal_without_aead + aead_seal,6481.7,6502.5,+0.3%
# check,aes128gcm,ch_cfg.cpu 0x3,16384,rec_open = rec_open_without_aead + aead_open,5829.1,5877.8,+0.8%
aes128gcm,ch_cfg.cpu 0x3,refill,65536,1450.8,0.0221,45172.3,0.7,1442.8,1459.5
aes128gcm,ch_cfg.cpu 0x3,seal_aes_gcm,65536,21151.6,0.3227,3098.4,0.5,21121.8,21289.4
aes128gcm,ch_cfg.cpu 0x3,open_aes_gcm,65536,21763.6,0.3321,3011.3,0.6,21633.6,21902.8
aes128gcm,ch_cfg.cpu 0x3,aead_seal,65536,20985.9,0.3202,3122.9,0.3,20964.4,21114.8
aes128gcm,ch_cfg.cpu 0x3,aead_open,65536,21457.9,0.3274,3054.2,0.5,21320.6,21532.8
aes128gcm,ch_cfg.cpu 0x3,counter_mode_in_place,65536,7641.2,0.1166,8576.7,0.1,7631.8,7683.6
aes128gcm,ch_cfg.cpu 0x3,counter_mode_shifted,65536,7565.2,0.1154,8662.9,0.1,7557.2,7662.2
aes128gcm,ch_cfg.cpu 0x3,counter_blocks_in_place,65536,7610.2,0.1161,8611.6,0.1,7602.7,7660.1
aes128gcm,ch_cfg.cpu 0x3,counter_blocks_shifted,65536,7535.9,0.1150,8696.5,0.0,7530.8,7586.9
aes128gcm,ch_cfg.cpu 0x3,seal_passes,65536,20679.2,0.3155,3169.2,0.3,20655.1,20834.2
aes128gcm,ch_cfg.cpu 0x3,open_passes,65536,21164.0,0.3229,3096.6,0.2,21142.2,21310.7
aes128gcm,ch_cfg.cpu 0x3,compute_tag,65536,10221.2,0.1560,6411.8,0.5,10195.3,10284.5
aes128gcm,ch_cfg.cpu 0x3,ghash_data,65536,10139.6,0.1547,6463.4,0.1,10118.1,10204.1
aes128gcm,ch_cfg.cpu 0x3,counter_mode_tail_in_place,65536,30.9,0.0005,2119941.4,34.4,,
aes128gcm,ch_cfg.cpu 0x3,counter_mode_tail_shifted,65536,30.0,0.0005,2186526.3,34.3,,
# check,aes128gcm,ch_cfg.cpu 0x3,65536,seal_aes_gcm = key_expansion + aead_seal + key_wipe,21151.6,21406.9,+1.2%
# check,aes128gcm,ch_cfg.cpu 0x3,65536,open_aes_gcm = key_expansion + aead_open + key_wipe,21763.6,21878.9,+0.5%
# check,aes128gcm,ch_cfg.cpu 0x3,65536,aead_seal = seal_passes + compute_tag_fixed,20985.9,20758.3,-1.1%
# check,aes128gcm,ch_cfg.cpu 0x3,65536,aead_open = open_passes + compute_tag_fixed,21457.9,21243.1,-1.0%
# check,aes128gcm,ch_cfg.cpu 0x3,65536,compute_tag = ghash_data + compute_tag_fixed,10221.2,10218.7,-0.0%
aes256gcm,ch_cfg.cpu 0x3,rec_seal,1024,1067.5,1.0424,959.3,0.2,1064.1,1076.3
aes256gcm,ch_cfg.cpu 0x3,refill,1024,14.7,0.0143,69760.1,0.2,14.7,14.8
aes256gcm,ch_cfg.cpu 0x3,rec_open,1024,1080.7,1.0554,947.5,0.1,1078.7,1088.2
aes256gcm,ch_cfg.cpu 0x3,rec_seal_without_aead,1024,528.6,0.5162,1937.3,0.1,527.9,532.5
aes256gcm,ch_cfg.cpu 0x3,rec_open_without_aead,1024,518.9,0.5068,1973.2,0.1,518.0,522.7
aes256gcm,ch_cfg.cpu 0x3,key_expansion,0,515.2,,,0.1,514.7,517.5
aes256gcm,ch_cfg.cpu 0x3,key_wipe,0,5.9,,,0.1,5.9,6.0
aes256gcm,ch_cfg.cpu 0x3,seal_aes_gcm,1024,1048.7,1.0241,976.4,0.3,1045.9,1060.6
aes256gcm,ch_cfg.cpu 0x3,open_aes_gcm,1024,1078.9,1.0536,949.1,0.1,1076.0,1085.7
aes256gcm,ch_cfg.cpu 0x3,aead_seal,1024,551.8,0.5389,1855.6,0.3,549.4,555.9
aes256gcm,ch_cfg.cpu 0x3,aead_open,1024,561.2,0.5481,1824.6,0.2,560.1,565.6
aes256gcm,ch_cfg.cpu 0x3,counter_mode_in_place,1024,204.1,0.1993,5016.6,0.2,203.1,204.8
aes256gcm,ch_cfg.cpu 0x3,counter_mode_shifted,1024,199.8,0.1951,5124.9,0.1,198.8,200.9
aes256gcm,ch_cfg.cpu 0x3,counter_blocks_in_place,1024,168.8,0.1648,6066.3,0.1,168.4,169.8
aes256gcm,ch_cfg.cpu 0x3,counter_blocks_shifted,1024,167.4,0.1635,6117.8,0.5,166.7,168.3
aes256gcm,ch_cfg.cpu 0x3,seal_passes,1024,412.3,0.4026,2483.6,0.3,408.9,415.8
aes256gcm,ch_cfg.cpu 0x3,open_passes,1024,422.5,0.4126,2423.7,0.1,420.7,426.2
aes256gcm,ch_cfg.cpu 0x3,compute_tag,1024,296.7,0.2897,3451.7,0.2,295.6,298.9
aes256gcm,ch_cfg.cpu 0x3,ghash_data,1024,212.1,0.2071,4828.2,0.2,210.6,213.9
aes256gcm,ch_cfg.cpu 0x3,compute_tag_fixed,0,86.6,,,0.2,85.8,87.4
aes256gcm,ch_cfg.cpu 0x3,counter_mode_tail_in_place,1024,35.3,0.0345,28970.2,0.9,,
aes256gcm,ch_cfg.cpu 0x3,counter_mode_tail_shifted,1024,32.5,0.0318,31495.2,2.7,,
# check,aes256gcm,ch_cfg.cpu 0x3,1024,seal_aes_gcm = key_expansion + aead_seal + key_wipe,1048.7,1073.0,+2.3%
# check,aes256gcm,ch_cfg.cpu 0x3,1024,open_aes_gcm = key_expansion + aead_open + key_wipe,1078.9,1082.3,+0.3%
# check,aes256gcm,ch_cfg.cpu 0x3,1024,aead_seal = seal_passes + compute_tag_fixed,551.8,498.9,-9.6%
# check,aes256gcm,ch_cfg.cpu 0x3,1024,aead_open = open_passes + compute_tag_fixed,561.2,509.1,-9.3%
# check,aes256gcm,ch_cfg.cpu 0x3,1024,compute_tag = ghash_data + compute_tag_fixed,296.7,298.6,+0.7%
# check,aes256gcm,ch_cfg.cpu 0x3,1024,rec_seal = rec_seal_without_aead + aead_seal,1067.5,1080.4,+1.2%
# check,aes256gcm,ch_cfg.cpu 0x3,1024,rec_open = rec_open_without_aead + aead_open,1080.7,1080.2,-0.1%
aes256gcm,ch_cfg.cpu 0x3,rec_seal,16384,7236.2,0.4417,2264.2,0.1,7209.6,7249.9
aes256gcm,ch_cfg.cpu 0x3,refill,16384,253.7,0.0155,64572.5,0.1,253.5,255.9
aes256gcm,ch_cfg.cpu 0x3,rec_open,16384,6608.1,0.4033,2479.4,0.1,6575.6,6661.3
aes256gcm,ch_cfg.cpu 0x3,rec_seal_without_aead,16384,1246.5,0.0761,13143.5,0.6,1243.2,1254.8
aes256gcm,ch_cfg.cpu 0x3,rec_open_without_aead,16384,518.7,0.0317,31585.3,0.1,518.0,522.5
aes256gcm,ch_cfg.cpu 0x3,seal_aes_gcm,16384,6478.3,0.3954,2529.0,0.1,6445.0,6492.9
aes256gcm,ch_cfg.cpu 0x3,open_aes_gcm,16384,6616.1,0.4038,2476.4,0.1,6582.6,6650.2
aes256gcm,ch_cfg.cpu 0x3,aead_seal,16384,6027.3,0.3679,2718.3,0.2,5994.7,6077.9
aes256gcm,ch_cfg.cpu 0x3,aead_open,16384,6107.7,0.3728,2682.5,0.1,6072.4,6166.0
aes256gcm,ch_cfg.cpu 0x3,counter_mode_in_place,16384,2500.8,0.1526,6551.6,0.2,2496.1,2535.7
aes256gcm,ch_cfg.cpu 0x3,counter_mode_shifted,16384,2481.1,0.1514,6603.6,0.1,2478.1,2505.8
aes256gcm,ch_cfg.cpu 0x3,counter_blocks_in_place,16384,2468.8,0.1507,6636.4,0.6,2463.3,2486.8
aes256gcm,ch_cfg.cpu 0x3,counter_blocks_shifted,16384,2449.8,0.1495,6687.9,0.2,2445.1,2474.4
aes256gcm,ch_cfg.cpu 0x3,seal_passes,16384,5857.6,0.3575,2797.1,0.4,5832.3,5883.6
aes256gcm,ch_cfg.cpu 0x3,open_passes,16384,5960.1,0.3638,2748.9,0.1,5932.3,6000.1
aes256gcm,ch_cfg.cpu 0x3,compute_tag,16384,2648.5,0.1617,6186.2,0.6,2642.8,2666.7
aes256gcm,ch_cfg.cpu 0x3,ghash_data,16384,2570.5,0.1569,6373.9,0.1,2562.9,2584.0
aes256gcm,ch_cfg.cpu 0x3,counter_mode_tail_in_place,16384,32.6,0.0020,503155.5,57.0,,
aes256gcm,ch_cfg.cpu 0x3,counter_mode_tail_shifted,16384,31.3,0.0019,523339.4,19.2,,
# check,aes256gcm,ch_cfg.cpu 0x3,16384,seal_aes_gcm = key_expansion + aead_seal + key_wipe,6478.3,6548.5,+1.1%
# check,aes256gcm,ch_cfg.cpu 0x3,16384,open_aes_gcm = key_expansion + aead_open + key_wipe,6616.1,6628.8,+0.2%
# check,aes256gcm,ch_cfg.cpu 0x3,16384,aead_seal = seal_passes + compute_tag_fixed,6027.3,5944.1,-1.4%
# check,aes256gcm,ch_cfg.cpu 0x3,16384,aead_open = open_passes + compute_tag_fixed,6107.7,6046.7,-1.0%
# check,aes256gcm,ch_cfg.cpu 0x3,16384,compute_tag = ghash_data + compute_tag_fixed,2648.5,2657.0,+0.3%
# check,aes256gcm,ch_cfg.cpu 0x3,16384,rec_seal = rec_seal_without_aead + aead_seal,7236.2,7273.9,+0.5%
# check,aes256gcm,ch_cfg.cpu 0x3,16384,rec_open = rec_open_without_aead + aead_open,6608.1,6626.4,+0.3%
aes256gcm,ch_cfg.cpu 0x3,refill,65536,1450.5,0.0221,45182.3,0.4,1443.1,1461.4
aes256gcm,ch_cfg.cpu 0x3,seal_aes_gcm,65536,23981.0,0.3659,2732.8,0.3,23898.6,24076.8
aes256gcm,ch_cfg.cpu 0x3,open_aes_gcm,65536,24288.6,0.3706,2698.2,0.1,24152.5,24554.6
aes256gcm,ch_cfg.cpu 0x3,aead_seal,65536,23726.1,0.3620,2762.2,0.3,23601.7,23801.0
aes256gcm,ch_cfg.cpu 0x3,aead_open,65536,23969.0,0.3657,2734.2,0.1,23817.2,24164.7
aes256gcm,ch_cfg.cpu 0x3,counter_mode_in_place,65536,9875.3,0.1507,6636.4,0.6,9863.0,9951.4
aes256gcm,ch_cfg.cpu 0x3,counter_mode_shifted,65536,9805.4,0.1496,6683.7,0.2,9789.5,9871.5
aes256gcm,ch_cfg.cpu 0x3,counter_blocks_in_place,65536,9844.1,0.1502,6657.4,0.6,9828.3,9940.7
aes256gcm,ch_cfg.cpu 0x3,counter_blocks_shifted,65536,9773.9,0.1491,6705.2,0.7,9744.4,9861.0
aes256gcm,ch_cfg.cpu 0x3,seal_passes,65536,23411.0,0.3572,2799.4,0.3,23284.5,23477.1
aes256gcm,ch_cfg.cpu 0x3,open_passes,65536,23641.3,0.3607,2772.1,0.2,23525.6,23842.3
aes256gcm,ch_cfg.cpu 0x3,compute_tag,65536,10217.4,0.1559,6414.1,0.5,10201.8,10318.0
aes256gcm,ch_cfg.cpu 0x3,ghash_data,65536,10147.4,0.1548,6458.4,0.6,10114.6,10199.4
aes256gcm,ch_cfg.cpu 0x3,counter_mode_tail_in_place,65536,31.2,0.0005,2098201.1,35.8,,
aes256gcm,ch_cfg.cpu 0x3,counter_mode_tail_shifted,65536,33.0,0.0005,1984060.5,218.7,,
# check,aes256gcm,ch_cfg.cpu 0x3,65536,seal_aes_gcm = key_expansion + aead_seal + key_wipe,23981.0,24247.3,+1.1%
# check,aes256gcm,ch_cfg.cpu 0x3,65536,open_aes_gcm = key_expansion + aead_open + key_wipe,24288.6,24490.1,+0.8%
# check,aes256gcm,ch_cfg.cpu 0x3,65536,aead_seal = seal_passes + compute_tag_fixed,23726.1,23497.6,-1.0%
# check,aes256gcm,ch_cfg.cpu 0x3,65536,aead_open = open_passes + compute_tag_fixed,23969.0,23727.8,-1.0%
# check,aes256gcm,ch_cfg.cpu 0x3,65536,compute_tag = ghash_data + compute_tag_fixed,10217.4,10234.0,+0.2%
chacha20poly1305,ch_cfg.cpu 0x3,rec_seal,1024,4918.5,4.8032,208.2,0.3,4900.8,4952.0
chacha20poly1305,ch_cfg.cpu 0x3,refill,1024,14.7,0.0143,69772.1,0.2,14.7,14.8
chacha20poly1305,ch_cfg.cpu 0x3,rec_open,1024,4902.9,4.7880,208.9,0.2,4895.1,4943.5
chacha20poly1305,ch_cfg.cpu 0x3,rec_seal_without_aead,1024,21.7,0.0212,47251.8,0.3,21.5,21.9
chacha20poly1305,ch_cfg.cpu 0x3,rec_open_without_aead,1024,11.9,0.0116,85853.4,1.0,11.7,12.2
chacha20poly1305,ch_cfg.cpu 0x3,aead_seal,1024,4876.8,4.7625,210.0,0.4,4865.6,4917.3
chacha20poly1305,ch_cfg.cpu 0x3,aead_open,1024,4901.3,4.7864,208.9,0.3,4882.0,4939.7
chacha20poly1305,ch_cfg.cpu 0x3,chacha20_xor_in_place,1024,1010.0,0.9863,1013.9,0.1,1008.4,1017.7
chacha20poly1305,ch_cfg.cpu 0x3,chacha20_xor_shifted,1024,1009.0,0.9854,1014.8,0.1,1007.5,1012.0
chacha20poly1305,ch_cfg.cpu 0x3,chacha20_blocks,1024,1028.7,1.0046,995.4,0.3,1025.7,1036.2
chacha20poly1305,ch_cfg.cpu 0x3,mac,1024,3873.5,3.7827,264.4,0.3,3857.4,3905.8
chacha20poly1305,ch_cfg.cpu 0x3,poly1305_data,1024,3499.6,3.4176,292.6,0.1,3484.7,3505.9
chacha20poly1305,ch_cfg.cpu 0x3,mac_fixed,0,313.9,,,0.1,313.2,316.7
chacha20poly1305,ch_cfg.cpu 0x3,xor_rest_in_place,1024,-19.1,-0.0187,-53589.0,-12.4,,
chacha20poly1305,ch_cfg.cpu 0x3,xor_rest_shifted,1024,-19.7,-0.0193,-51943.1,-14.0,,
chacha20poly1305,ch_cfg.cpu 0x3,aead_seal_data,1024,4563.0,4.4560,224.4,0.5,,
chacha20poly1305,ch_cfg.cpu 0x3,aead_open_data,1024,4587.4,4.4799,223.2,0.3,,
# check,chacha20poly1305,ch_cfg.cpu 0x3,1024,aead_seal = chacha20_xor_in_place + poly1305_data + mac_fixed,4876.8,4823.5,-1.1%
# check,chacha20poly1305,ch_cfg.cpu 0x3,1024,aead_open = chacha20_xor_shifted + poly1305_data + mac_fixed,4901.3,4822.5,-1.6%
# check,chacha20poly1305,ch_cfg.cpu 0x3,1024,mac = poly1305_data + mac_fixed,3873.5,3813.5,-1.5%
# check,chacha20poly1305,ch_cfg.cpu 0x3,1024,rec_seal = rec_seal_without_aead + aead_seal,4918.5,4898.5,-0.4%
# check,chacha20poly1305,ch_cfg.cpu 0x3,1024,rec_open = rec_open_without_aead + aead_open,4902.9,4913.2,+0.2%
chacha20poly1305,ch_cfg.cpu 0x3,rec_seal,16384,69958.6,4.2699,234.2,0.2,69866.0,70668.6
chacha20poly1305,ch_cfg.cpu 0x3,refill,16384,254.0,0.0155,64511.0,0.1,253.7,254.8
chacha20poly1305,ch_cfg.cpu 0x3,rec_open,16384,69123.6,4.2190,237.0,0.1,69036.6,69781.7
chacha20poly1305,ch_cfg.cpu 0x3,rec_seal_without_aead,16384,739.7,0.0451,22150.2,0.3,735.5,746.1
chacha20poly1305,ch_cfg.cpu 0x3,rec_open_without_aead,16384,11.9,0.0007,1373426.2,1.2,11.7,12.2
chacha20poly1305,ch_cfg.cpu 0x3,aead_seal,16384,69133.9,4.2196,237.0,0.1,68995.6,69778.9
chacha20poly1305,ch_cfg.cpu 0x3,aead_open,16384,69174.4,4.2221,236.9,0.2,69035.2,69834.8
chacha20poly1305,ch_cfg.cpu 0x3,chacha20_xor_in_place,16384,13109.6,0.8001,1249.8,0.1,13046.3,13214.1
chacha20poly1305,ch_cfg.cpu 0x3,chacha20_xor_shifted,16384,13081.0,0.7984,1252.5,0.1,13016.9,13104.1
chacha20poly1305,ch_cfg.cpu 0x3,chacha20_blocks,16384,13031.3,0.7954,1257.3,0.1,12965.7,13110.8
chacha20poly1305,ch_cfg.cpu 0x3,mac,16384,56187.3,3.4294,291.6,0.4,55794.1,56462.8
chacha20poly1305,ch_cfg.cpu 0x3,poly1305_data,16384,55773.4,3.4041,293.8,0.0,55300.0,55890.5
chacha20poly1305,ch_cfg.cpu 0x3,xor_rest_in_place,16384,78.7,0.0048,208092.1,25.3,,
chacha20poly1305,ch_cfg.cpu 0x3,xor_rest_shifted,16384,48.5,0.0030,337596.9,39.2,,
chacha20poly1305,ch_cfg.cpu 0x3,aead_seal_data,16384,68820.1,4.2004,238.1,0.1,,
chacha20poly1305,ch_cfg.cpu 0x3,aead_open_data,16384,68860.2,4.2029,237.9,0.2,,
# check,chacha20poly1305,ch_cfg.cpu 0x3,16384,aead_seal = chacha20_xor_in_place + poly1305_data + mac_fixed,69133.9,69196.9,+0.1%
# check,chacha20poly1305,ch_cfg.cpu 0x3,16384,aead_open = chacha20_xor_shifted + poly1305_data + mac_fixed,69174.4,69168.3,-0.0%
# check,chacha20poly1305,ch_cfg.cpu 0x3,16384,mac = poly1305_data + mac_fixed,56187.3,56087.3,-0.2%
# check,chacha20poly1305,ch_cfg.cpu 0x3,16384,rec_seal = rec_seal_without_aead + aead_seal,69958.6,69873.6,-0.1%
# check,chacha20poly1305,ch_cfg.cpu 0x3,16384,rec_open = rec_open_without_aead + aead_open,69123.6,69186.3,+0.1%
chacha20poly1305,ch_cfg.cpu 0x3,refill,65536,1451.4,0.0221,45153.7,0.5,1442.9,1455.3
chacha20poly1305,ch_cfg.cpu 0x3,aead_seal,65536,275679.2,4.2065,237.7,0.1,275185.5,278236.5
chacha20poly1305,ch_cfg.cpu 0x3,aead_open,65536,275769.3,4.2079,237.6,0.3,275283.9,278284.0
chacha20poly1305,ch_cfg.cpu 0x3,chacha20_xor_in_place,65536,51861.4,0.7913,1263.7,0.1,51610.6,52116.3
chacha20poly1305,ch_cfg.cpu 0x3,chacha20_xor_shifted,65536,51836.4,0.7910,1264.3,0.1,51561.2,52112.8
chacha20poly1305,ch_cfg.cpu 0x3,chacha20_blocks,65536,51415.0,0.7845,1274.6,0.1,51162.0,51673.6
chacha20poly1305,ch_cfg.cpu 0x3,mac,65536,224740.4,3.4293,291.6,0.2,223620.8,225116.2
chacha20poly1305,ch_cfg.cpu 0x3,poly1305_data,65536,223828.6,3.4154,292.8,0.1,222694.2,224869.5
chacha20poly1305,ch_cfg.cpu 0x3,xor_rest_in_place,65536,420.5,0.0064,155864.1,10.4,,
chacha20poly1305,ch_cfg.cpu 0x3,xor_rest_shifted,65536,418.6,0.0064,156562.3,12.0,,
chacha20poly1305,ch_cfg.cpu 0x3,aead_seal_data,65536,275365.1,4.2017,238.0,0.1,,
chacha20poly1305,ch_cfg.cpu 0x3,aead_open_data,65536,275455.5,4.2031,237.9,0.3,,
# check,chacha20poly1305,ch_cfg.cpu 0x3,65536,aead_seal = chacha20_xor_in_place + poly1305_data + mac_fixed,275679.2,276004.0,+0.1%
# check,chacha20poly1305,ch_cfg.cpu 0x3,65536,aead_open = chacha20_xor_shifted + poly1305_data + mac_fixed,275769.3,275978.9,+0.1%
# check,chacha20poly1305,ch_cfg.cpu 0x3,65536,mac = poly1305_data + mac_fixed,224740.4,224142.5,-0.3%
chacha20poly1305,ch_cfg.cpu 0x7,rec_seal,1024,1789.8,1.7479,572.1,0.3,1783.3,1801.9
chacha20poly1305,ch_cfg.cpu 0x7,refill,1024,18.0,0.0176,56901.9,0.8,17.8,18.4
chacha20poly1305,ch_cfg.cpu 0x7,rec_open,1024,1786.9,1.7450,573.1,0.2,1778.2,1796.6
chacha20poly1305,ch_cfg.cpu 0x7,rec_seal_without_aead,1024,21.6,0.0211,47420.4,0.5,21.5,21.9
chacha20poly1305,ch_cfg.cpu 0x7,rec_open_without_aead,1024,11.6,0.0113,88338.7,0.5,11.5,11.7
chacha20poly1305,ch_cfg.cpu 0x7,aead_seal,1024,1769.1,1.7277,578.8,0.1,1761.2,1779.4
chacha20poly1305,ch_cfg.cpu 0x7,aead_open,1024,1780.2,1.7385,575.2,0.3,1774.5,1799.8
chacha20poly1305,ch_cfg.cpu 0x7,chacha20_xor_in_place,1024,1010.1,0.9864,1013.8,0.1,1008.8,1013.0
chacha20poly1305,ch_cfg.cpu 0x7,chacha20_xor_shifted,1024,1008.9,0.9852,1015.0,0.1,1007.1,1014.0
chacha20poly1305,ch_cfg.cpu 0x7,chacha20_blocks,1024,1028.8,1.0047,995.3,0.3,1025.7,1037.1
chacha20poly1305,ch_cfg.cpu 0x7,mac,1024,742.0,0.7247,1380.0,0.5,737.5,746.4
chacha20poly1305,ch_cfg.cpu 0x7,poly1305_data,1024,496.6,0.4850,2061.9,0.4,495.1,500.8
chacha20poly1305,ch_cfg.cpu 0x7,mac_fixed,0,222.5,,,0.2,221.4,224.3
chacha20poly1305,ch_cfg.cpu 0x7,xor_rest_in_place,1024,-18.7,-0.0183,-54770.2,-19.6,,
chacha20poly1305,ch_cfg.cpu 0x7,xor_rest_shifted,1024,-20.1,-0.0197,-50857.3,-15.9,,
chacha20poly1305,ch_cfg.cpu 0x7,aead_seal_data,1024,1546.7,1.5105,662.0,0.1,,
chacha20poly1305,ch_cfg.cpu 0x7,aead_open_data,1024,1557.7,1.5212,657.4,0.4,,
# check,chacha20poly1305,ch_cfg.cpu 0x7,1024,aead_seal = chacha20_xor_in_place + poly1305_data + mac_fixed,1769.1,1729.2,-2.3%
# check,chacha20poly1305,ch_cfg.cpu 0x7,1024,aead_open = chacha20_xor_shifted + poly1305_data + mac_fixed,1780.2,1728.0,-2.9%
# check,chacha20poly1305,ch_cfg.cpu 0x7,1024,mac = poly1305_data + mac_fixed,742.0,719.1,-3.1%
# check,chacha20poly1305,ch_cfg.cpu 0x7,1024,rec_seal = rec_seal_without_aead + aead_seal,1789.8,1790.7,+0.1%
# check,chacha20poly1305,ch_cfg.cpu 0x7,1024,rec_open = rec_open_without_aead + aead_open,1786.9,1791.8,+0.3%
chacha20poly1305,ch_cfg.cpu 0x7,rec_seal,16384,20137.7,1.2291,813.6,0.2,20094.5,20294.4
chacha20poly1305,ch_cfg.cpu 0x7,refill,16384,254.1,0.0155,64482.4,0.1,253.8,255.5
chacha20poly1305,ch_cfg.cpu 0x7,rec_open,16384,19864.2,1.2124,824.8,0.1,19813.7,20002.6
chacha20poly1305,ch_cfg.cpu 0x7,rec_seal_without_aead,16384,260.1,0.0159,62987.8,0.1,259.8,262.1
chacha20poly1305,ch_cfg.cpu 0x7,rec_open_without_aead,16384,11.6,0.0007,1411649.9,0.3,11.5,11.7
chacha20poly1305,ch_cfg.cpu 0x7,aead_seal,16384,19863.8,1.2124,824.8,0.2,19807.4,20004.0
chacha20poly1305,ch_cfg.cpu 0x7,aead_open,16384,19868.5,1.2127,824.6,0.3,19821.8,20020.3
chacha20poly1305,ch_cfg.cpu 0x7,chacha20_xor_in_place,16384,13111.6,0.8003,1249.6,0.1,13053.5,13155.3
chacha20poly1305,ch_cfg.cpu 0x7,chacha20_xor_shifted,16384,13077.8,0.7982,1252.8,0.1,13016.7,13110.2
chacha20poly1305,ch_cfg.cpu 0x7,chacha20_blocks,16384,13034.0,0.7955,1257.0,0.1,12971.2,13109.0
chacha20poly1305,ch_cfg.cpu 0x7,mac,16384,6755.5,0.4123,2425.3,0.2,6719.8,6816.0
chacha20poly1305,ch_cfg.cpu 0x7,poly1305_data,16384,6504.1,0.3970,2519.0,0.4,6475.6,6545.9
chacha20poly1305,ch_cfg.cpu 0x7,xor_rest_in_place,16384,73.5,0.0045,222935.3,20.2,,
chacha20poly1305,ch_cfg.cpu 0x7,xor_rest_shifted,16384,44.9,0.0027,364722.1,20.4,,
chacha20poly1305,ch_cfg.cpu 0x7,aead_seal_data,16384,19641.3,1.1988,834.2,0.2,,
chacha20poly1305,ch_cfg.cpu 0x7,aead_open_data,16384,19646.0,1.1991,834.0,0.3,,
# check,chacha20poly1305,ch_cfg.cpu 0x7,16384,aead_seal = chacha20_xor_in_place + poly1305_data + mac_fixed,19863.8,19838.2,-0.1%
# check,chacha20poly1305,ch_cfg.cpu 0x7,16384,aead_open = chacha20_xor_shifted + poly1305_data + mac_fixed,19868.5,19804.3,-0.3%
# check,chacha20poly1305,ch_cfg.cpu 0x7,16384,mac = poly1305_data + mac_fixed,6755.5,6726.6,-0.4%
# check,chacha20poly1305,ch_cfg.cpu 0x7,16384,rec_seal = rec_seal_without_aead + aead_seal,20137.7,20123.9,-0.1%
# check,chacha20poly1305,ch_cfg.cpu 0x7,16384,rec_open = rec_open_without_aead + aead_open,19864.2,19880.1,+0.1%
chacha20poly1305,ch_cfg.cpu 0x7,refill,65536,1452.1,0.0222,45131.5,0.1,1443.8,1465.1
chacha20poly1305,ch_cfg.cpu 0x7,aead_seal,65536,77940.9,1.1893,840.8,0.2,77793.2,78730.6
chacha20poly1305,ch_cfg.cpu 0x7,aead_open,65536,78023.6,1.1905,840.0,0.2,77850.2,78776.4
chacha20poly1305,ch_cfg.cpu 0x7,chacha20_xor_in_place,65536,51871.8,0.7915,1263.4,0.1,51616.3,52100.0
chacha20poly1305,ch_cfg.cpu 0x7,chacha20_xor_shifted,65536,51813.5,0.7906,1264.8,0.1,51550.5,52485.4
chacha20poly1305,ch_cfg.cpu 0x7,chacha20_blocks,65536,51420.0,0.7846,1274.5,0.1,51178.6,51565.6
chacha20poly1305,ch_cfg.cpu 0x7,mac,65536,26096.2,0.3982,2511.3,0.5,25915.5,26296.5
chacha20poly1305,ch_cfg.cpu 0x7,poly1305_data,65536,25819.1,0.3940,2538.3,0.2,25687.1,26105.2
chacha20poly1305,ch_cfg.cpu 0x7,xor_rest_in_place,65536,446.8,0.0068,146695.0,15.6,,
chacha20poly1305,ch_cfg.cpu 0x7,xor_rest_shifted,65536,378.8,0.0058,173003.8,14.1,,
chacha20poly1305,ch_cfg.cpu 0x7,aead_seal_data,65536,77718.4,1.1859,843.2,0.2,,
chacha20poly1305,ch_cfg.cpu 0x7,aead_open_data,65536,77801.4,1.1872,842.3,0.2,,
# check,chacha20poly1305,ch_cfg.cpu 0x7,65536,aead_seal = chacha20_xor_in_place + poly1305_data + mac_fixed,77940.9,77913.3,-0.0%
# check,chacha20poly1305,ch_cfg.cpu 0x7,65536,aead_open = chacha20_xor_shifted + poly1305_data + mac_fixed,78023.6,77855.1,-0.2%
# check,chacha20poly1305,ch_cfg.cpu 0x7,65536,mac = poly1305_data + mac_fixed,26096.2,26041.6,-0.2%
aes128gcm,ch_cfg.cpu 0x1f,rec_seal,1024,783.6,0.7652,1306.8,0.3,778.9,790.2
aes128gcm,ch_cfg.cpu 0x1f,refill,1024,14.7,0.0143,69730.0,0.3,14.7,14.8
aes128gcm,ch_cfg.cpu 0x1f,rec_open,1024,761.6,0.7438,1344.5,0.5,757.5,764.9
aes128gcm,ch_cfg.cpu 0x1f,rec_seal_without_aead,1024,429.7,0.4196,2383.0,0.1,427.6,431.7
aes128gcm,ch_cfg.cpu 0x1f,rec_open_without_aead,1024,417.2,0.4075,2454.2,0.3,415.2,418.8
aes128gcm,ch_cfg.cpu 0x1f,key_expansion,0,415.3,,,0.1,413.4,415.7
aes128gcm,ch_cfg.cpu 0x1f,key_wipe,0,5.9,,,0.4,5.9,5.9
aes128gcm,ch_cfg.cpu 0x1f,seal_aes_gcm,1024,765.5,0.7476,1337.7,0.4,762.9,770.8
aes128gcm,ch_cfg.cpu 0x1f,open_aes_gcm,1024,767.4,0.7494,1334.4,0.4,763.7,771.2
aes128gcm,ch_cfg.cpu 0x1f,aead_seal,1024,359.2,0.3508,2850.5,0.4,357.2,361.4
aes128gcm,ch_cfg.cpu 0x1f,aead_open,1024,348.0,0.3398,2942.7,0.2,346.3,350.0
aes128gcm,ch_cfg.cpu 0x1f,counter_mode_in_place,1024,117.6,0.1149,8705.7,0.1,117.4,118.0
aes128gcm,ch_cfg.cpu 0x1f,counter_mode_shifted,1024,113.8,0.1111,8999.7,0.8,113.2,115.1
aes128gcm,ch_cfg.cpu 0x1f,counter_blocks_in_place,1024,90.3,0.0882,11339.4,0.3,89.6,91.0
aes128gcm,ch_cfg.cpu 0x1f,counter_blocks_shifted,1024,88.3,0.0862,11602.8,0.3,87.7,89.0
aes128gcm,ch_cfg.cpu 0x1f,seal_passes,1024,232.4,0.2269,4406.4,0.2,231.3,233.4
aes128gcm,ch_cfg.cpu 0x1f,open_passes,1024,219.6,0.2144,4664.0,0.3,218.1,220.3
aes128gcm,ch_cfg.cpu 0x1f,compute_tag,1024,287.7,0.2809,3559.4,0.1,286.7,289.8
aes128gcm,ch_cfg.cpu 0x1f,ghash_data,1024,211.7,0.2067,4837.8,0.3,210.5,212.3
aes128gcm,ch_cfg.cpu 0x1f,compute_tag_fixed,0,77.7,,,0.5,76.8,78.6
aes128gcm,ch_cfg.cpu 0x1f,counter_mode_tail_in_place,1024,27.2,0.0266,37584.9,1.4,,
aes128gcm,ch_cfg.cpu 0x1f,counter_mode_tail_shifted,1024,25.3,0.0247,40433.4,3.6,,
# check,aes128gcm,ch_cfg.cpu 0x1f,1024,seal_aes_gcm = key_expansion + aead_seal + key_wipe,765.5,780.4,+2.0%
# check,aes128gcm,ch_cfg.cpu 0x1f,1024,open_aes_gcm = key_expansion + aead_open + key_wipe,767.4,769.2,+0.2%
# check,aes128gcm,ch_cfg.cpu 0x1f,1024,aead_seal = seal_passes + compute_tag_fixed,359.2,310.1,-13.7%
# check,aes128gcm,ch_cfg.cpu 0x1f,1024,aead_open = open_passes + compute_tag_fixed,348.0,297.3,-14.6%
# check,aes128gcm,ch_cfg.cpu 0x1f,1024,compute_tag = ghash_data + compute_tag_fixed,287.7,289.4,+0.6%
# check,aes128gcm,ch_cfg.cpu 0x1f,1024,rec_seal = rec_seal_without_aead + aead_seal,783.6,788.9,+0.7%
# check,aes128gcm,ch_cfg.cpu 0x1f,1024,rec_open = rec_open_without_aead + aead_open,761.6,765.2,+0.5%
aes128gcm,ch_cfg.cpu 0x1f,rec_seal,16384,3403.4,0.2077,4814.0,0.1,3384.8,3417.1
aes128gcm,ch_cfg.cpu 0x1f,refill,16384,253.8,0.0155,64549.5,0.1,253.6,255.8
aes128gcm,ch_cfg.cpu 0x1f,rec_open,16384,3130.5,0.1911,5233.6,0.2,3112.9,3144.3
aes128gcm,ch_cfg.cpu 0x1f,rec_seal_without_aead,16384,664.5,0.0406,24656.1,0.5,663.8,668.8
aes128gcm,ch_cfg.cpu 0x1f,rec_open_without_aead,16384,417.0,0.0254,39293.1,0.1,415.5,418.8
aes128gcm,ch_cfg.cpu 0x1f,seal_aes_gcm,16384,3124.0,0.1907,5244.5,0.1,3106.0,3153.4
aes128gcm,ch_cfg.cpu 0x1f,open_aes_gcm,16384,3125.7,0.1908,5241.7,0.1,3108.5,3137.8
aes128gcm,ch_cfg.cpu 0x1f,aead_seal,16384,2711.9,0.1655,6041.5,0.3,2702.4,2725.7
aes128gcm,ch_cfg.cpu 0x1f,aead_open,16384,2708.0,0.1653,6050.2,0.4,2692.3,2713.2
aes128gcm,ch_cfg.cpu 0x1f,counter_mode_in_place,16384,1143.5,0.0698,14327.7,0.5,1138.5,1151.8
aes128gcm,ch_cfg.cpu 0x1f,counter_mode_shifted,16384,1128.1,0.0689,14523.7,0.1,1126.5,1137.1
aes128gcm,ch_cfg.cpu 0x1f,counter_blocks_in_place,16384,1117.4,0.0682,14662.7,0.2,1111.0,1126.7
aes128gcm,ch_cfg.cpu 0x1f,counter_blocks_shifted,16384,1098.1,0.0670,14919.7,0.8,1091.9,1113.6
aes128gcm,ch_cfg.cpu 0x1f,seal_passes,16384,2586.6,0.1579,6334.2,0.3,2580.9,2607.2
aes128gcm,ch_cfg.cpu 0x1f,open_passes,16384,2564.0,0.1565,6390.1,0.3,2553.0,2587.9
aes128gcm,ch_cfg.cpu 0x1f,compute_tag,16384,2639.7,0.1611,6206.8,0.5,2634.2,2656.2
aes128gcm,ch_cfg.cpu 0x1f,ghash_data,16384,2568.7,0.1568,6378.2,0.1,2562.7,2585.4
aes128gcm,ch_cfg.cpu 0x1f,counter_mode_tail_in_place,16384,26.3,0.0016,624129.2,23.7,,
aes128gcm,ch_cfg.cpu 0x1f,counter_mode_tail_shifted,16384,30.9,0.0019,529767.8,28.9,,
# check,aes128gcm,ch_cfg.cpu 0x1f,16384,seal_aes_gcm = key_expansion + aead_seal + key_wipe,3124.0,3133.1,+0.3%
# check,aes128gcm,ch_cfg.cpu 0x1f,16384,open_aes_gcm = key_expansion + aead_open + key_wipe,3125.7,3129.2,+0.1%
# check,aes128gcm,ch_cfg.cpu 0x1f,16384,aead_seal = seal_passes + compute_tag_fixed,2711.9,2664.3,-1.8%
# check,aes128gcm,ch_cfg.cpu 0x1f,16384,aead_open = open_passes + compute_tag_fixed,2708.0,2641.7,-2.4%
# check,aes128gcm,ch_cfg.cpu 0x1f,16384,compute_tag = ghash_data + compute_tag_fixed,2639.7,2646.4,+0.3%
# check,aes128gcm,ch_cfg.cpu 0x1f,16384,rec_seal = rec_seal_without_aead + aead_seal,3403.4,3376.4,-0.8%
# check,aes128gcm,ch_cfg.cpu 0x1f,16384,rec_open = rec_open_without_aead + aead_open,3130.5,3125.0,-0.2%
aes128gcm,ch_cfg.cpu 0x1f,refill,65536,1453.5,0.0222,45089.6,0.8,1443.3,1460.6
aes128gcm,ch_cfg.cpu 0x1f,seal_aes_gcm,65536,10769.9,0.1643,6085.1,0.5,10755.1,10843.2
aes128gcm,ch_cfg.cpu 0x1f,open_aes_gcm,65536,10737.9,0.1638,6103.2,0.8,10661.2,10796.6
aes128gcm,ch_cfg.cpu 0x1f,aead_seal,65536,10337.4,0.1577,6339.7,0.6,10313.5,10406.0
aes128gcm,ch_cfg.cpu 0x1f,aead_open,65536,10337.1,0.1577,6339.9,0.8,10271.1,10395.1
aes128gcm,ch_cfg.cpu 0x1f,counter_mode_in_place,65536,4443.6,0.0678,14748.3,0.3,4430.8,4504.7
aes128gcm,ch_cfg.cpu 0x1f,counter_mode_shifted,65536,4396.8,0.0671,14905.4,0.8,4386.6,4435.2
aes128gcm,ch_cfg.cpu 0x1f,counter_blocks_in_place,65536,4422.1,0.0675,14820.1,0.6,4408.1,4476.6
aes128gcm,ch_cfg.cpu 0x1f,counter_blocks_shifted,65536,4383.7,0.0669,14950.0,0.1,4370.1,4395.4
aes128gcm,ch_cfg.cpu 0x1f,seal_passes,65536,10217.4,0.1559,6414.1,0.7,10203.4,10289.0
aes128gcm,ch_cfg.cpu 0x1f,open_passes,65536,10081.2,0.1538,6500.8,0.6,10056.2,10159.5
aes128gcm,ch_cfg.cpu 0x1f,compute_tag,65536,10167.2,0.1551,6445.8,0.6,10160.7,10240.0
aes128gcm,ch_cfg.cpu 0x1f,ghash_data,65536,10096.5,0.1541,6491.0,0.4,10085.3,10172.4
aes128gcm,ch_cfg.cpu 0x1f,counter_mode_tail_in_place,65536,20.3,0.0003,3233227.2,182.7,,
aes128gcm,ch_cfg.cpu 0x1f,counter_mode_tail_shifted,65536,13.3,0.0002,4938833.1,258.3,,
# check,aes128gcm,ch_cfg.cpu 0x1f,65536,seal_aes_gcm = key_expansion + aead_seal + key_wipe,10769.9,10758.6,-0.1%
# check,aes128gcm,ch_cfg.cpu 0x1f,65536,open_aes_gcm = key_expansion + aead_open + key_wipe,10737.9,10758.3,+0.2%
# check,aes128gcm,ch_cfg.cpu 0x1f,65536,aead_seal = seal_passes + compute_tag_fixed,10337.4,10295.1,-0.4%
# check,aes128gcm,ch_cfg.cpu 0x1f,65536,aead_open = open_passes + compute_tag_fixed,10337.1,10158.9,-1.7%
# check,aes128gcm,ch_cfg.cpu 0x1f,65536,compute_tag = ghash_data + compute_tag_fixed,10167.2,10174.2,+0.1%
aes256gcm,ch_cfg.cpu 0x1f,rec_seal,1024,915.3,0.8938,1118.8,0.2,912.2,920.4
aes256gcm,ch_cfg.cpu 0x1f,refill,1024,14.7,0.0143,69726.7,0.3,14.7,14.9
aes256gcm,ch_cfg.cpu 0x1f,rec_open,1024,891.1,0.8702,1149.2,0.2,887.1,893.2
aes256gcm,ch_cfg.cpu 0x1f,rec_seal_without_aead,1024,530.4,0.5179,1930.7,0.1,529.6,533.9
aes256gcm,ch_cfg.cpu 0x1f,rec_open_without_aead,1024,518.1,0.5059,1976.6,0.2,517.6,520.1
aes256gcm,ch_cfg.cpu 0x1f,key_expansion,0,515.3,,,0.1,514.6,518.0
aes256gcm,ch_cfg.cpu 0x1f,key_wipe,0,5.9,,,0.3,5.9,5.9
aes256gcm,ch_cfg.cpu 0x1f,seal_aes_gcm,1024,896.4,0.8754,1142.3,0.1,893.4,899.9
aes256gcm,ch_cfg.cpu 0x1f,open_aes_gcm,1024,896.5,0.8755,1142.2,0.2,894.6,902.8
aes256gcm,ch_cfg.cpu 0x1f,aead_seal,1024,393.0,0.3838,2605.4,0.2,390.8,395.6
aes256gcm,ch_cfg.cpu 0x1f,aead_open,1024,381.1,0.3721,2687.1,0.1,378.7,383.3
aes256gcm,ch_cfg.cpu 0x1f,counter_mode_in_place,1024,145.9,0.1425,7019.9,0.1,145.8,147.2
aes256gcm,ch_cfg.cpu 0x1f,counter_mode_shifted,1024,143.9,0.1405,7118.4,0.1,142.8,145.0
aes256gcm,ch_cfg.cpu 0x1f,counter_blocks_in_place,1024,111.4,0.1088,9194.7,0.4,110.8,113.0
aes256gcm,ch_cfg.cpu 0x1f,counter_blocks_shifted,1024,109.2,0.1067,9375.6,0.3,108.8,109.9
aes256gcm,ch_cfg.cpu 0x1f,seal_passes,1024,254.1,0.2482,4029.8,0.6,253.1,256.2
aes256gcm,ch_cfg.cpu 0x1f,open_passes,1024,239.3,0.2337,4278.3,0.2,238.7,240.9
aes256gcm,ch_cfg.cpu 0x1f,compute_tag,1024,294.3,0.2874,3479.4,0.3,292.4,296.9
aes256gcm,ch_cfg.cpu 0x1f,ghash_data,1024,211.5,0.2066,4840.6,0.2,210.6,213.0
aes256gcm,ch_cfg.cpu 0x1f,compute_tag_fixed,0,84.8,,,0.1,84.2,85.6
aes256gcm,ch_cfg.cpu 0x1f,counter_mode_tail_in_place,1024,34.5,0.0337,29672.4,1.2,,
aes256gcm,ch_cfg.cpu 0x1f,counter_mode_tail_shifted,1024,34.6,0.0338,29560.9,1.0,,
# check,aes256gcm,ch_cfg.cpu 0x1f,1024,seal_aes_gcm = key_expansion + aead_seal + key_wipe,896.4,914.2,+2.0%
# check,aes256gcm,ch_cfg.cpu 0x1f,1024,open_aes_gcm = key_expansion + aead_open + key_wipe,896.5,902.3,+0.6%
# check,aes256gcm,ch_cfg.cpu 0x1f,1024,aead_seal = seal_passes + compute_tag_fixed,393.0,338.9,-13.8%
# check,aes256gcm,ch_cfg.cpu 0x1f,1024,aead_open = open_passes + compute_tag_fixed,381.1,324.2,-14.9%
# check,aes256gcm,ch_cfg.cpu 0x1f,1024,compute_tag = ghash_data + compute_tag_fixed,294.3,296.4,+0.7%
# check,aes256gcm,ch_cfg.cpu 0x1f,1024,rec_seal = rec_seal_without_aead + aead_seal,915.3,923.4,+0.9%
# check,aes256gcm,ch_cfg.cpu 0x1f,1024,rec_open = rec_open_without_aead + aead_open,891.1,899.1,+0.9%
aes256gcm,ch_cfg.cpu 0x1f,rec_seal,16384,3844.1,0.2346,4262.2,0.1,3839.2,3849.9
aes256gcm,ch_cfg.cpu 0x1f,refill,16384,253.8,0.0155,64558.9,0.2,253.5,256.7
aes256gcm,ch_cfg.cpu 0x1f,rec_open,16384,3572.8,0.2181,4585.8,0.0,3567.4,3587.8
aes256gcm,ch_cfg.cpu 0x1f,rec_seal_without_aead,16384,768.3,0.0469,21326.3,0.1,764.1,770.2
aes256gcm,ch_cfg.cpu 0x1f,rec_open_without_aead,16384,518.1,0.0316,31621.4,0.1,517.6,521.4
aes256gcm,ch_cfg.cpu 0x1f,seal_aes_gcm,16384,3581.4,0.2186,4574.7,0.2,3564.8,3617.5
aes256gcm,ch_cfg.cpu 0x1f,open_aes_gcm,16384,3564.8,0.2176,4596.0,0.1,3561.7,3593.0
aes256gcm,ch_cfg.cpu 0x1f,aead_seal,16384,3072.1,0.1875,5333.2,0.4,3055.5,3080.6
aes256gcm,ch_cfg.cpu 0x1f,aead_open,16384,3050.7,0.1862,5370.6,0.1,3033.7,3062.1
aes256gcm,ch_cfg.cpu 0x1f,counter_mode_in_place,16384,1491.9,0.0911,10981.7,0.3,1480.9,1503.9
aes256gcm,ch_cfg.cpu 0x1f,counter_mode_shifted,16384,1467.6,0.0896,11163.7,0.3,1460.6,1473.6
aes256gcm,ch_cfg.cpu 0x1f,counter_blocks_in_place,16384,1451.4,0.0886,11288.7,0.3,1442.2,1461.5
aes256gcm,ch_cfg.cpu 0x1f,counter_blocks_shifted,16384,1431.9,0.0874,11442.1,0.3,1429.6,1440.5
aes256gcm,ch_cfg.cpu 0x1f,seal_passes,16384,2933.9,0.1791,5584.4,0.2,2916.1,2942.9
aes256gcm,ch_cfg.cpu 0x1f,open_passes,16384,2900.4,0.1770,5649.0,0.3,2887.2,2927.9
aes256gcm,ch_cfg.cpu 0x1f,compute_tag,16384,2650.8,0.1618,6180.7,0.4,2641.7,2666.8
aes256gcm,ch_cfg.cpu 0x1f,ghash_data,16384,2569.8,0.1568,6375.6,0.2,2563.4,2584.4
aes256gcm,ch_cfg.cpu 0x1f,counter_mode_tail_in_place,16384,40.6,0.0025,403715.8,19.1,,
aes256gcm,ch_cfg.cpu 0x1f,counter_mode_tail_shifted,16384,35.1,0.0021,466850.8,23.4,,
# check,aes256gcm,ch_cfg.cpu 0x1f,16384,seal_aes_gcm = key_expansion + aead_seal + key_wipe,3581.4,3593.3,+0.3%
# check,aes256gcm,ch_cfg.cpu 0x1f,16384,open_aes_gcm = key_expansion + aead_open + key_wipe,3564.8,3571.9,+0.2%
# check,aes256gcm,ch_cfg.cpu 0x1f,16384,aead_seal = seal_passes + compute_tag_fixed,3072.1,3018.7,-1.7%
# check,aes256gcm,ch_cfg.cpu 0x1f,16384,aead_open = open_passes + compute_tag_fixed,3050.7,2985.2,-2.1%
# check,aes256gcm,ch_cfg.cpu 0x1f,16384,compute_tag = ghash_data + compute_tag_fixed,2650.8,2654.6,+0.1%
# check,aes256gcm,ch_cfg.cpu 0x1f,16384,rec_seal = rec_seal_without_aead + aead_seal,3844.1,3840.3,-0.1%
# check,aes256gcm,ch_cfg.cpu 0x1f,16384,rec_open = rec_open_without_aead + aead_open,3572.8,3568.8,-0.1%
aes256gcm,ch_cfg.cpu 0x1f,refill,65536,1454.1,0.0222,45068.9,0.2,1444.5,1464.6
aes256gcm,ch_cfg.cpu 0x1f,seal_aes_gcm,65536,12407.6,0.1893,5281.9,0.2,12328.4,12563.4
aes256gcm,ch_cfg.cpu 0x1f,open_aes_gcm,65536,12179.1,0.1858,5381.0,0.4,12112.7,12325.0
aes256gcm,ch_cfg.cpu 0x1f,aead_seal,65536,11788.9,0.1799,5559.1,0.6,11714.9,11893.8
aes256gcm,ch_cfg.cpu 0x1f,aead_open,65536,11675.2,0.1781,5613.3,0.1,11598.0,11733.0
aes256gcm,ch_cfg.cpu 0x1f,counter_mode_in_place,65536,5792.0,0.0884,11314.9,0.2,5764.9,5815.6
aes256gcm,ch_cfg.cpu 0x1f,counter_mode_shifted,65536,5754.5,0.0878,11388.7,0.1,5725.2,5777.0
aes256gcm,ch_cfg.cpu 0x1f,counter_blocks_in_place,65536,5769.0,0.0880,11360.0,0.5,5738.0,5792.4
aes256gcm,ch_cfg.cpu 0x1f,counter_blocks_shifted,65536,5725.3,0.0874,11446.8,0.0,5694.6,5757.8
aes256gcm,ch_cfg.cpu 0x1f,seal_passes,65536,11629.7,0.1775,5635.2,0.4,11570.9,11775.7
aes256gcm,ch_cfg.cpu 0x1f,open_passes,65536,11425.5,0.1743,5736.0,0.4,11383.2,11498.0
aes256gcm,ch_cfg.cpu 0x1f,compute_tag,65536,10177.9,0.1553,6439.1,0.6,10167.6,10261.7
aes256gcm,ch_cfg.cpu 0x1f,ghash_data,65536,10100.4,0.1541,6488.5,0.1,10086.9,10173.0
aes256gcm,ch_cfg.cpu 0x1f,counter_mode_tail_in_place,65536,27.5,0.0004,2381774.0,98.1,,
aes256gcm,ch_cfg.cpu 0x1f,counter_mode_tail_shifted,65536,29.2,0.0004,2244743.9,24.5,,
# check,aes256gcm,ch_cfg.cpu 0x1f,65536,seal_aes_gcm = key_expansion + aead_seal + key_wipe,12407.6,12310.1,-0.8%
# check,aes256gcm,ch_cfg.cpu 0x1f,65536,open_aes_gcm = key_expansion + aead_open + key_wipe,12179.1,12196.4,+0.1%
# check,aes256gcm,ch_cfg.cpu 0x1f,65536,aead_seal = seal_passes + compute_tag_fixed,11788.9,11714.5,-0.6%
# check,aes256gcm,ch_cfg.cpu 0x1f,65536,aead_open = open_passes + compute_tag_fixed,11675.2,11510.3,-1.4%
# check,aes256gcm,ch_cfg.cpu 0x1f,65536,compute_tag = ghash_data + compute_tag_fixed,10177.9,10185.2,+0.1%
chacha20poly1305,ch_cfg.cpu 0x1f,rec_seal,1024,1353.9,1.3222,756.3,0.6,1347.9,1364.5
chacha20poly1305,ch_cfg.cpu 0x1f,refill,1024,14.7,0.0143,69732.2,0.6,14.7,14.8
chacha20poly1305,ch_cfg.cpu 0x1f,rec_open,1024,1368.3,1.3363,748.4,0.5,1362.0,1375.8
chacha20poly1305,ch_cfg.cpu 0x1f,rec_seal_without_aead,1024,22.3,0.0217,45982.2,0.4,22.1,22.5
chacha20poly1305,ch_cfg.cpu 0x1f,rec_open_without_aead,1024,11.9,0.0116,85916.7,0.9,11.7,12.2
chacha20poly1305,ch_cfg.cpu 0x1f,aead_seal,1024,1334.3,1.3030,767.5,0.3,1327.7,1343.4
chacha20poly1305,ch_cfg.cpu 0x1f,aead_open,1024,1348.4,1.3168,759.4,0.4,1340.6,1360.4
chacha20poly1305,ch_cfg.cpu 0x1f,chacha20_xor_in_place,1024,592.6,0.5787,1727.9,0.2,591.6,597.2
chacha20poly1305,ch_cfg.cpu 0x1f,chacha20_xor_shifted,1024,592.2,0.5784,1729.0,0.1,591.2,596.9
chacha20poly1305,ch_cfg.cpu 0x1f,chacha20_blocks,1024,591.7,0.5778,1730.6,0.1,590.4,595.3
chacha20poly1305,ch_cfg.cpu 0x1f,mac,1024,754.0,0.7363,1358.1,0.4,749.4,759.2
chacha20poly1305,ch_cfg.cpu 0x1f,poly1305_data,1024,497.9,0.4862,2056.6,0.3,496.0,502.1
chacha20poly1305,ch_cfg.cpu 0x1f,mac_fixed,0,229.2,,,0.1,228.2,230.5
chacha20poly1305,ch_cfg.cpu 0x1f,xor_rest_in_place,1024,1.0,0.0010,1041804.3,47.3,,
chacha20poly1305,ch_cfg.cpu 0x1f,xor_rest_shifted,1024,0.5,0.0005,1920468.9,211.0,,
chacha20poly1305,ch_cfg.cpu 0x1f,aead_seal_data,1024,1105.1,1.0792,926.6,0.3,,
chacha20poly1305,ch_cfg.cpu 0x1f,aead_open_data,1024,1119.3,1.0931,914.8,0.5,,
# check,chacha20poly1305,ch_cfg.cpu 0x1f,1024,aead_seal = chacha20_xor_in_place + poly1305_data + mac_fixed,1334.3,1319.7,-1.1%
# check,chacha20poly1305,ch_cfg.cpu 0x1f,1024,aead_open = chacha20_xor_shifted + poly1305_data + mac_fixed,1348.4,1319.3,-2.2%
# check,chacha20poly1305,ch_cfg.cpu 0x1f,1024,mac = poly1305_data + mac_fixed,754.0,727.1,-3.6%
# check,chacha20poly1305,ch_cfg.cpu 0x1f,1024,rec_seal = rec_seal_without_aead + aead_seal,1353.9,1356.5,+0.2%
# check,chacha20poly1305,ch_cfg.cpu 0x1f,1024,rec_open = rec_open_without_aead + aead_open,1368.3,1360.4,-0.6%
chacha20poly1305,ch_cfg.cpu 0x1f,rec_seal,16384,13548.2,0.8269,1209.3,0.0,13484.1,13577.0
chacha20poly1305,ch_cfg.cpu 0x1f,refill,16384,253.7,0.0155,64571.9,0.0,253.6,254.4
chacha20poly1305,ch_cfg.cpu 0x1f,rec_open,16384,13300.1,0.8118,1231.9,0.0,13235.1,13377.8
chacha20poly1305,ch_cfg.cpu 0x1f,rec_seal_without_aead,16384,260.1,0.0159,62995.5,0.1,259.9,262.0
chacha20poly1305,ch_cfg.cpu 0x1f,rec_open_without_aead,16384,11.9,0.0007,1376176.6,0.9,11.7,12.2
chacha20poly1305,ch_cfg.cpu 0x1f,aead_seal,16384,13255.6,0.8091,1236.0,0.3,13189.4,13360.2
chacha20poly1305,ch_cfg.cpu 0x1f,aead_open,16384,13270.2,0.8099,1234.6,0.1,13204.7,13297.3
chacha20poly1305,ch_cfg.cpu 0x1f,chacha20_xor_in_place,16384,6503.3,0.3969,2519.3,0.0,6470.9,6541.0
chacha20poly1305,ch_cfg.cpu 0x1f,chacha20_xor_shifted,16384,6485.5,0.3958,2526.2,0.1,6453.2,6496.5
chacha20poly1305,ch_cfg.cpu 0x1f,chacha20_blocks,16384,6165.7,0.3763,2657.3,0.6,6115.9,6185.8
chacha20poly1305,ch_cfg.cpu 0x1f,mac,16384,6757.1,0.4124,2424.7,0.5,6731.2,6816.0
chacha20poly1305,ch_cfg.cpu 0x1f,poly1305_data,16384,6508.8,0.3973,2517.2,0.2,6467.0,6571.8
chacha20poly1305,ch_cfg.cpu 0x1f,xor_rest_in_place,16384,337.8,0.0206,48499.2,11.1,,
chacha20poly1305,ch_cfg.cpu 0x1f,xor_rest_shifted,16384,320.6,0.0196,51104.6,11.0,,
chacha20poly1305,ch_cfg.cpu 0x1f,aead_seal_data,16384,13026.4,0.7951,1257.8,0.3,,
chacha20poly1305,ch_cfg.cpu 0x1f,aead_open_data,16384,13041.1,0.7960,1256.3,0.1,,
# check,chacha20poly1305,ch_cfg.cpu 0x1f,16384,aead_seal = chacha20_xor_in_place + poly1305_data + mac_fixed,13255.6,13241.3,-0.1%
# check,chacha20poly1305,ch_cfg.cpu 0x1f,16384,aead_open = chacha20_xor_shifted + poly1305_data + mac_fixed,13270.2,13223.5,-0.4%
# check,chacha20poly1305,ch_cfg.cpu 0x1f,16384,mac = poly1305_data + mac_fixed,6757.1,6738.0,-0.3%
# check,chacha20poly1305,ch_cfg.cpu 0x1f,16384,rec_seal = rec_seal_without_aead + aead_seal,13548.2,13515.7,-0.2%
# check,chacha20poly1305,ch_cfg.cpu 0x1f,16384,rec_open = rec_open_without_aead + aead_open,13300.1,13282.1,-0.1%
chacha20poly1305,ch_cfg.cpu 0x1f,refill,65536,1452.5,0.0222,45119.6,0.7,1443.3,1460.1
chacha20poly1305,ch_cfg.cpu 0x1f,aead_seal,65536,51530.2,0.7863,1271.8,0.4,51186.7,52182.0
chacha20poly1305,ch_cfg.cpu 0x1f,aead_open,65536,51575.8,0.7870,1270.7,0.1,51321.1,52064.1
chacha20poly1305,ch_cfg.cpu 0x1f,chacha20_xor_in_place,65536,25443.5,0.3882,2575.7,0.1,25317.8,25506.6
chacha20poly1305,ch_cfg.cpu 0x1f,chacha20_xor_shifted,65536,25388.3,0.3874,2581.3,0.1,25246.5,25443.4
chacha20poly1305,ch_cfg.cpu 0x1f,chacha20_blocks,65536,23967.0,0.3657,2734.4,0.4,23861.9,24061.8
chacha20poly1305,ch_cfg.cpu 0x1f,mac,65536,26013.5,0.3969,2519.3,0.3,25894.9,26296.2
chacha20poly1305,ch_cfg.cpu 0x1f,poly1305_data,65536,25738.6,0.3927,2546.2,0.5,25614.8,26119.5
chacha20poly1305,ch_cfg.cpu 0x1f,xor_rest_in_place,65536,1477.9,0.0226,44343.3,6.3,,
chacha20poly1305,ch_cfg.cpu 0x1f,xor_rest_shifted,65536,1421.2,0.0217,46112.0,8.9,,
chacha20poly1305,ch_cfg.cpu 0x1f,aead_seal_data,65536,51300.8,0.7828,1277.5,0.4,,
chacha20poly1305,ch_cfg.cpu 0x1f,aead_open_data,65536,51346.7,0.7835,1276.3,0.1,,
# check,chacha20poly1305,ch_cfg.cpu 0x1f,65536,aead_seal = chacha20_xor_in_place + poly1305_data + mac_fixed,51530.2,51411.4,-0.2%
# check,chacha20poly1305,ch_cfg.cpu 0x1f,65536,aead_open = chacha20_xor_shifted + poly1305_data + mac_fixed,51575.8,51356.1,-0.4%
# check,chacha20poly1305,ch_cfg.cpu 0x1f,65536,mac = poly1305_data + mac_fixed,26013.5,25967.8,-0.2%
aes128gcm,OpenSSL 3.6.4,openssl_seal_aes_gcm,16384,4049.6,0.2472,4045.8,0.3,,
aes128gcm,OpenSSL 3.6.4,openssl_open_aes_gcm,16384,4121.9,0.2516,3974.9,1.0,,
aes256gcm,OpenSSL 3.6.4,openssl_seal_aes_gcm,16384,4362.1,0.2662,3756.0,2.4,,
aes256gcm,OpenSSL 3.6.4,openssl_open_aes_gcm,16384,4423.8,0.2700,3703.6,0.4,,
chacha20poly1305,OpenSSL 3.6.4,openssl_aead_seal_data,16384,7462.7,0.4555,2195.5,0.5,,
chacha20poly1305,OpenSSL 3.6.4,openssl_aead_open_data,16384,7473.0,0.4561,2192.4,0.2,,
