# bench/primitives.sh on AMD EPYC 7763 64-Core Processor (x86_64), Linux 6.17.0-1022-azure, 2026-10-06, tree e656fd3-dirty
# gcc (Ubuntu 13.3.0-6ubuntu2~24.04.1) 13.3.0; -std=c11 -O2 -Wall -Wextra -Wpedantic -Werror -Wvla -D_DEFAULT_SOURCE -DCH_RAND_DRBG -I. -Ibench -Itest -DCH_CPU_RUNTIME; primitives adds -DCH_RSA_MODULUS_MAX=512; handshake adds -DCH_ROLE_SERVER -DCH_ROLE_BOTH -DCH_TRANSPORT_TCP_NONBLOCKING -DBENCH_HANDSHAKE_PROGRAM, -DCH_PIN_ECDSA for the ecdsa rows, and -DCH_KEX_PQ for the _hybrid rows, whose client offers X25519MLKEM768 alone
# every timed program is a host object, and the build column is the ch_cfg.cpu value its rows run under: 0x1 is CH_CPU_PROBED alone, and 0x3f is every bit this CPU has that an object reads: CH_CPU_PROBED, CH_CPU_CONSTANT_TIME_AES, CH_CPU_CONSTANT_TIME_MULTIPLY, CH_CPU_AVX2, CH_CPU_VAES, CH_CPU_CONSTANT_TIME_SHA256
# OpenSSL 3.6.4 rows: `openssl speed -mr -seconds 1`, one second a run: sha256, sha384 and sha3_256 are -evp over -bytes; x25519_base and p256_ecdh_keygen are the key generations of X25519 and ECP-256, which draw their random bytes; x25519 and p256_ecdh are ecdhx25519 and ecdhp256; p256_sign, p256_ecdsa_verify and p384_ecdsa_verify are ecdsap256 and ecdsap384; the mlkem768 rows are ML-KEM-768; rsa_pkcs1_sign and rsa_pkcs1_verify are rsa2048 and rsa3072, which sign and verify with PKCS#1 v1.5 padding, where chapulin signs PSS
# load average (1, 5, 15 min) before: 1.02 0.55 0.22; after: 1.00 0.92 0.56
# run 1 of 5: 1-minute load average 1.02 at its start
# run 2 of 5: 1-minute load average 1.00 at its start
# run 3 of 5: 1-minute load average 1.00 at its start
# run 4 of 5: 1-minute load average 1.00 at its start
# run 5 of 5: 1-minute load average 1.00 at its start
# ns: nanoseconds of CPU time per byte (unit byte) or per operation (unit op), the median over 5 runs; a chapulin run's figure is the median of its samples, on the thread's CPU clock, and an OpenSSL run's is one second's operations over its user CPU time; per_second: 10^6 bytes, or operations, per second at that median; samples: the fewest one run took; iqr_pct: the largest 25th to 75th percentile spread inside one run, percent of its median; run_spread_pct: slowest run less fastest, percent of the median; instructions: retired per byte or per operation, the median over the runs, where the system counts them
primitive,build,unit,bytes,ns,per_second,samples,iqr_pct,run_spread_pct,instructions
sha256,ch_cfg.cpu 0x1,byte,64,12.1139,82.5,101,0.6,0.8,
sha256,ch_cfg.cpu 0x1,byte,1024,4.2660,234.4,101,0.5,0.5,
sha256,ch_cfg.cpu 0x1,byte,16384,3.7683,265.4,101,0.4,0.6,
sha384,ch_cfg.cpu 0x1,byte,64,7.8661,127.1,101,1.3,0.5,
sha384,ch_cfg.cpu 0x1,byte,1024,3.2454,308.1,101,0.7,0.3,
sha384,ch_cfg.cpu 0x1,byte,16384,2.7710,360.9,101,0.5,0.3,
sha512,ch_cfg.cpu 0x1,byte,64,8.5781,116.6,101,1.2,0.6,
sha512,ch_cfg.cpu 0x1,byte,1024,3.2883,304.1,101,0.6,0.4,
sha512,ch_cfg.cpu 0x1,byte,16384,2.7784,359.9,101,0.6,0.3,
sha3_256,ch_cfg.cpu 0x1,byte,64,8.2895,120.6,101,0.6,0.3,
sha3_256,ch_cfg.cpu 0x1,byte,1024,3.4255,291.9,101,0.8,0.2,
sha3_256,ch_cfg.cpu 0x1,byte,16384,3.1258,319.9,101,0.4,0.4,
shake128_squeeze,ch_cfg.cpu 0x1,byte,64,7.5435,132.6,101,0.9,0.4,
shake128_squeeze,ch_cfg.cpu 0x1,byte,1024,3.5443,282.1,101,0.5,0.2,
shake128_squeeze,ch_cfg.cpu 0x1,byte,16384,3.1608,316.4,101,0.8,0.4,
shake256_squeeze,ch_cfg.cpu 0x1,byte,64,7.5648,132.2,101,0.7,0.3,
shake256_squeeze,ch_cfg.cpu 0x1,byte,1024,3.9427,253.6,101,0.7,0.6,
shake256_squeeze,ch_cfg.cpu 0x1,byte,16384,3.7418,267.3,101,0.6,0.4,
hmac_sha256,ch_cfg.cpu 0x1,byte,64,25.7794,38.8,101,0.6,0.4,
hmac_sha256,ch_cfg.cpu 0x1,byte,1024,5.1306,194.9,101,0.4,0.1,
hmac_sha256,ch_cfg.cpu 0x1,byte,16384,3.8220,261.6,101,0.4,0.2,
hkdf_expand_label,ch_cfg.cpu 0x1,op,32,1296.3198,771414.6,101,0.5,1.2,
chacha20,ch_cfg.cpu 0x1,byte,64,3.2162,310.9,101,0.5,0.1,
chacha20,ch_cfg.cpu 0x1,byte,1200,0.8412,1188.8,101,0.2,0.0,
chacha20,ch_cfg.cpu 0x1,byte,16384,0.7849,1274.0,101,0.3,0.1,
drbg,ch_cfg.cpu 0x1,byte,32,4.6281,216.1,101,0.5,0.5,
drbg,ch_cfg.cpu 0x1,byte,1024,2.2751,439.5,101,0.6,0.5,
drbg,ch_cfg.cpu 0x1,byte,16384,2.1407,467.1,101,0.4,0.4,
poly1305,ch_cfg.cpu 0x1,byte,64,4.4707,223.7,101,0.9,0.6,
poly1305,ch_cfg.cpu 0x1,byte,1200,3.4645,288.6,101,0.4,0.3,
poly1305,ch_cfg.cpu 0x1,byte,16384,3.4122,293.1,101,0.4,0.2,
chacha20_poly1305_seal,ch_cfg.cpu 0x1,byte,64,12.2277,81.8,101,0.7,0.6,
chacha20_poly1305_seal,ch_cfg.cpu 0x1,byte,1200,4.5538,219.6,101,0.4,0.2,
chacha20_poly1305_seal,ch_cfg.cpu 0x1,byte,16384,4.2141,237.3,101,0.5,0.2,
chacha20_poly1305_open,ch_cfg.cpu 0x1,byte,64,12.0292,83.1,101,0.5,0.3,
chacha20_poly1305_open,ch_cfg.cpu 0x1,byte,1200,4.5365,220.4,101,0.4,0.2,
chacha20_poly1305_open,ch_cfg.cpu 0x1,byte,16384,4.2108,237.5,101,0.4,0.2,
p256_ecdsa_verify,ch_cfg.cpu 0x1,op,0,188871.8125,5294.6,101,0.7,0.4,
p384_ecdsa_verify,ch_cfg.cpu 0x1,op,0,677456.5000,1476.1,101,0.7,0.4,
rsa_pss_verify_2048,ch_cfg.cpu 0x1,op,0,62406.4375,16024.0,101,0.6,0.1,
rsa_pss_verify_3072,ch_cfg.cpu 0x1,op,0,137167.1250,7290.4,101,5.5,5.6,
rsa_pss_verify_4096,ch_cfg.cpu 0x1,op,0,236189.3750,4233.9,101,0.1,0.1,
rsa_pkcs1_verify_2048,ch_cfg.cpu 0x1,op,0,59005.8750,16947.5,101,0.3,0.1,
rsa_pkcs1_verify_3072,ch_cfg.cpu 0x1,op,0,131224.8125,7620.5,101,5.8,6.2,
rsa_pkcs1_verify_4096,ch_cfg.cpu 0x1,op,0,229777.5000,4352.0,101,0.2,0.0,
x25519,ch_cfg.cpu 0x1,op,0,1955694.0000,511.3,101,0.7,0.3,
x25519_base,ch_cfg.cpu 0x1,op,0,1954406.5000,511.7,101,0.5,0.1,
mlkem768_keygen,ch_cfg.cpu 0x1,op,0,58166.1875,17192.1,101,0.4,0.5,
mlkem768_encaps,ch_cfg.cpu 0x1,op,0,69134.9062,14464.5,101,0.6,0.7,
mlkem768_decaps,ch_cfg.cpu 0x1,op,0,84011.4062,11903.1,101,0.5,0.4,
p256_ecdh_keygen,ch_cfg.cpu 0x1,op,0,2830040.0000,353.4,101,0.4,0.1,
p256_ecdh,ch_cfg.cpu 0x1,op,0,2830441.0000,353.3,101,0.4,0.0,
p256_sign,ch_cfg.cpu 0x1,op,0,3010587.0000,332.2,101,0.3,0.1,
rsa_pss_sign_2048,ch_cfg.cpu 0x1,op,0,86268704.0000,11.6,11,0.2,0.1,
rsa_pss_sign_3072,ch_cfg.cpu 0x1,op,0,288091416.0000,3.5,11,0.5,0.1,
handshake_pinned_rsa2048,ch_cfg.cpu 0x1,op,0,94334500.0000,10.6,11,0.1,0.1,
handshake_pinned_rsa2048_client_side,ch_cfg.cpu 0x1,op,0,4098576.0000,244.0,11,0.8,1.0,
handshake_pinned_rsa2048_server_side,ch_cfg.cpu 0x1,op,0,90225164.0000,11.1,11,0.1,0.1,
handshake_pinned_rsa3072,ch_cfg.cpu 0x1,op,0,296042310.0000,3.4,11,0.2,0.1,
handshake_pinned_rsa3072_client_side,ch_cfg.cpu 0x1,op,0,4215614.0000,237.2,11,0.7,0.4,
handshake_pinned_rsa3072_server_side,ch_cfg.cpu 0x1,op,0,291819151.0000,3.4,11,0.2,0.1,
handshake_pinned_ecdsa_p256,ch_cfg.cpu 0x1,op,0,11146716.0000,89.7,89,0.5,0.5,
handshake_pinned_ecdsa_p256_client_side,ch_cfg.cpu 0x1,op,0,4145255.0000,241.2,89,0.5,1.7,
handshake_pinned_ecdsa_p256_server_side,ch_cfg.cpu 0x1,op,0,6994159.0000,143.0,89,0.5,0.1,
handshake_pinned_rsa2048_hybrid,ch_cfg.cpu 0x1,op,0,94869760.0000,10.5,11,0.2,0.1,
handshake_pinned_rsa2048_hybrid_client_side,ch_cfg.cpu 0x1,op,0,4334627.0000,230.7,11,0.6,0.7,
handshake_pinned_rsa2048_hybrid_server_side,ch_cfg.cpu 0x1,op,0,90512219.0000,11.0,11,0.2,0.1,
handshake_pinned_rsa3072_hybrid,ch_cfg.cpu 0x1,op,0,296566991.0000,3.4,11,0.2,0.1,
handshake_pinned_rsa3072_hybrid_client_side,ch_cfg.cpu 0x1,op,0,4423462.0000,226.1,11,0.8,0.7,
handshake_pinned_rsa3072_hybrid_server_side,ch_cfg.cpu 0x1,op,0,292105337.0000,3.4,11,0.2,0.1,
handshake_pinned_ecdsa_p256_hybrid,ch_cfg.cpu 0x1,op,0,11416641.0000,87.6,85,0.3,1.6,
handshake_pinned_ecdsa_p256_hybrid_client_side,ch_cfg.cpu 0x1,op,0,4362569.0000,229.2,85,0.4,1.6,
handshake_pinned_ecdsa_p256_hybrid_server_side,ch_cfg.cpu 0x1,op,0,7046017.0000,141.9,85,0.3,2.6,
sha256,ch_cfg.cpu 0x3f,byte,64,2.6620,375.7,101,0.6,1.4,
sha256,ch_cfg.cpu 0x3f,byte,1024,0.7544,1325.6,101,0.3,0.3,
sha256,ch_cfg.cpu 0x3f,byte,16384,0.6359,1572.6,101,0.3,0.1,
sha384,ch_cfg.cpu 0x3f,byte,64,7.8475,127.4,101,1.0,0.6,
sha384,ch_cfg.cpu 0x3f,byte,1024,3.2399,308.7,101,0.6,0.2,
sha384,ch_cfg.cpu 0x3f,byte,16384,2.7736,360.5,101,1.0,0.1,
sha512,ch_cfg.cpu 0x3f,byte,64,8.5666,116.7,101,1.4,0.9,
sha512,ch_cfg.cpu 0x3f,byte,1024,3.2952,303.5,101,0.7,0.4,
sha512,ch_cfg.cpu 0x3f,byte,16384,2.7788,359.9,101,0.6,0.5,
sha3_256,ch_cfg.cpu 0x3f,byte,64,8.2996,120.5,101,0.7,0.2,
sha3_256,ch_cfg.cpu 0x3f,byte,1024,3.4245,292.0,101,0.3,0.1,
sha3_256,ch_cfg.cpu 0x3f,byte,16384,3.1237,320.1,101,0.5,0.2,
shake128_squeeze,ch_cfg.cpu 0x3f,byte,64,7.5399,132.6,101,1.2,0.3,
shake128_squeeze,ch_cfg.cpu 0x3f,byte,1024,3.5397,282.5,101,0.7,0.2,
shake128_squeeze,ch_cfg.cpu 0x3f,byte,16384,3.1593,316.5,101,0.7,0.1,
shake256_squeeze,ch_cfg.cpu 0x3f,byte,64,7.5573,132.3,101,1.1,0.3,
shake256_squeeze,ch_cfg.cpu 0x3f,byte,1024,3.9426,253.6,101,0.6,0.1,
shake256_squeeze,ch_cfg.cpu 0x3f,byte,16384,3.7432,267.2,101,0.8,0.2,
hmac_sha256,ch_cfg.cpu 0x3f,byte,64,5.2585,190.2,101,0.5,10.2,
hmac_sha256,ch_cfg.cpu 0x3f,byte,1024,0.9172,1090.3,101,0.2,3.7,
hmac_sha256,ch_cfg.cpu 0x3f,byte,16384,0.6460,1548.0,101,0.2,0.4,
hkdf_expand_label,ch_cfg.cpu 0x3f,op,32,323.4037,3092110.6,101,0.5,0.3,
chacha20,ch_cfg.cpu 0x3f,byte,64,3.0822,324.4,101,0.3,0.1,
chacha20,ch_cfg.cpu 0x3f,byte,1200,0.5002,1999.2,101,0.4,0.1,
chacha20,ch_cfg.cpu 0x3f,byte,16384,0.3825,2614.4,101,0.3,0.1,
drbg,ch_cfg.cpu 0x3f,byte,32,4.6377,215.6,101,0.6,0.5,
drbg,ch_cfg.cpu 0x3f,byte,1024,2.2835,437.9,101,0.5,0.4,
drbg,ch_cfg.cpu 0x3f,byte,16384,2.1489,465.4,101,0.5,0.6,
poly1305,ch_cfg.cpu 0x3f,byte,64,1.5939,627.4,101,0.6,1.5,
poly1305,ch_cfg.cpu 0x3f,byte,1200,0.5261,1900.8,101,0.8,0.3,
poly1305,ch_cfg.cpu 0x3f,byte,16384,0.3967,2520.8,101,0.8,0.5,
chacha20_poly1305_seal,ch_cfg.cpu 0x3f,byte,64,8.1584,122.6,101,1.6,1.2,
chacha20_poly1305_seal,ch_cfg.cpu 0x3f,byte,1200,1.2073,828.3,101,0.4,1.3,
chacha20_poly1305_seal,ch_cfg.cpu 0x3f,byte,16384,0.7925,1261.8,101,0.4,0.1,
chacha20_poly1305_open,ch_cfg.cpu 0x3f,byte,64,7.7930,128.3,101,0.6,0.6,
chacha20_poly1305_open,ch_cfg.cpu 0x3f,byte,1200,1.1869,842.5,101,0.6,1.0,
chacha20_poly1305_open,ch_cfg.cpu 0x3f,byte,16384,0.7917,1263.1,101,0.4,0.1,
p256_ecdsa_verify,ch_cfg.cpu 0x3f,op,0,188950.0000,5292.4,101,0.7,1.1,
p384_ecdsa_verify,ch_cfg.cpu 0x3f,op,0,676845.2500,1477.4,101,0.8,0.5,
rsa_pss_verify_2048,ch_cfg.cpu 0x3f,op,0,62408.7812,16023.4,101,0.3,0.0,
rsa_pss_verify_3072,ch_cfg.cpu 0x3f,op,0,135934.8750,7356.5,101,6.1,6.2,
rsa_pss_verify_4096,ch_cfg.cpu 0x3f,op,0,236138.6875,4234.8,101,0.3,0.1,
rsa_pkcs1_verify_2048,ch_cfg.cpu 0x3f,op,0,59014.7969,16944.9,101,0.3,0.2,
rsa_pkcs1_verify_3072,ch_cfg.cpu 0x3f,op,0,131244.8125,7619.3,101,6.1,5.3,
rsa_pkcs1_verify_4096,ch_cfg.cpu 0x3f,op,0,229724.2500,4353.0,101,0.2,0.0,
x25519,ch_cfg.cpu 0x3f,op,0,61296.0781,16314.3,101,0.8,0.3,
x25519_base,ch_cfg.cpu 0x3f,op,0,61395.0156,16288.0,101,1.3,0.7,
mlkem768_keygen,ch_cfg.cpu 0x3f,op,0,58186.0625,17186.2,101,0.6,0.1,
mlkem768_encaps,ch_cfg.cpu 0x3f,op,0,66141.2188,15119.2,101,0.4,0.6,
mlkem768_decaps,ch_cfg.cpu 0x3f,op,0,80325.5000,12449.3,101,0.5,0.5,
p256_ecdh_keygen,ch_cfg.cpu 0x3f,op,0,34465.2500,29014.7,101,0.6,0.5,
p256_ecdh,ch_cfg.cpu 0x3f,op,0,148870.8125,6717.2,101,0.6,0.1,
p256_sign,ch_cfg.cpu 0x3f,op,0,67366.3125,14844.2,101,0.5,0.1,
rsa_pss_sign_2048,ch_cfg.cpu 0x3f,op,0,1743237.5000,573.6,101,0.4,0.0,
rsa_pss_sign_3072,ch_cfg.cpu 0x3f,op,0,5479613.0000,182.5,101,0.5,0.1,
handshake_pinned_rsa2048,ch_cfg.cpu 0x3f,op,0,2282659.0000,438.1,101,0.4,0.1,
handshake_pinned_rsa2048_client_side,ch_cfg.cpu 0x3f,op,0,205876.0000,4857.3,101,3.8,0.4,
handshake_pinned_rsa2048_server_side,ch_cfg.cpu 0x3f,op,0,2069060.0000,483.3,101,0.2,0.1,
handshake_pinned_rsa3072,ch_cfg.cpu 0x3f,op,0,6569276.0000,152.2,101,0.3,0.2,
handshake_pinned_rsa3072_client_side,ch_cfg.cpu 0x3f,op,0,289410.0000,3455.3,101,2.9,2.0,
handshake_pinned_rsa3072_server_side,ch_cfg.cpu 0x3f,op,0,6271140.0000,159.5,101,0.3,0.1,
handshake_pinned_ecdsa_p256,ch_cfg.cpu 0x3f,op,0,537183.0000,1861.6,101,2.1,0.1,
handshake_pinned_ecdsa_p256_client_side,ch_cfg.cpu 0x3f,op,0,321431.0000,3111.1,101,3.0,0.3,
handshake_pinned_ecdsa_p256_server_side,ch_cfg.cpu 0x3f,op,0,202557.0000,4936.9,101,0.9,0.3,
handshake_pinned_rsa2048_hybrid,ch_cfg.cpu 0x3f,op,0,2430244.0000,411.5,101,1.4,0.4,
handshake_pinned_rsa2048_hybrid_client_side,ch_cfg.cpu 0x3f,op,0,402242.0000,2486.1,101,2.2,0.2,
handshake_pinned_rsa2048_hybrid_server_side,ch_cfg.cpu 0x3f,op,0,2018767.0000,495.4,101,1.8,0.5,
handshake_pinned_rsa3072_hybrid,ch_cfg.cpu 0x3f,op,0,6282632.0000,159.2,101,1.1,0.2,
handshake_pinned_rsa3072_hybrid_client_side,ch_cfg.cpu 0x3f,op,0,476169.0000,2100.1,101,2.3,1.1,
handshake_pinned_rsa3072_hybrid_server_side,ch_cfg.cpu 0x3f,op,0,5796083.0000,172.5,101,1.2,0.3,
handshake_pinned_ecdsa_p256_hybrid,ch_cfg.cpu 0x3f,op,0,813868.0000,1228.7,101,0.6,0.3,
handshake_pinned_ecdsa_p256_hybrid_client_side,ch_cfg.cpu 0x3f,op,0,532834.0000,1876.8,101,1.9,0.4,
handshake_pinned_ecdsa_p256_hybrid_server_side,ch_cfg.cpu 0x3f,op,0,274182.0000,3647.2,101,3.2,0.3,
sha256,OpenSSL 3.6.4,byte,64,2.9889,334.6,,,1.3,
sha384,OpenSSL 3.6.4,byte,64,5.2033,192.2,,,1.0,
sha3_256,OpenSSL 3.6.4,byte,64,7.6649,130.5,,,3.9,
sha256,OpenSSL 3.6.4,byte,16384,0.6371,1569.6,,,0.0,
sha384,OpenSSL 3.6.4,byte,16384,1.3372,747.8,,,0.2,
sha3_256,OpenSSL 3.6.4,byte,16384,2.3502,425.5,,,1.2,
x25519_base,OpenSSL 3.6.4,op,0,33765.3479,29616.2,,,0.6,
x25519,OpenSSL 3.6.4,op,0,36533.6841,27372.0,,,0.2,
p256_ecdh_keygen,OpenSSL 3.6.4,op,0,12233.1794,81744.9,,,1.9,
p256_ecdh,OpenSSL 3.6.4,op,0,51578.2959,19388.0,,,1.9,
p256_sign,OpenSSL 3.6.4,op,0,22108.0840,45232.3,,,0.8,
p256_ecdsa_verify,OpenSSL 3.6.4,op,0,67594.9709,14794.0,,,0.4,
p384_ecdsa_verify,OpenSSL 3.6.4,op,0,727272.7273,1375.0,,,1.6,
rsa_pkcs1_sign_2048,OpenSSL 3.6.4,op,0,659630.6069,1516.0,,,0.7,
rsa_pkcs1_verify_2048,OpenSSL 3.6.4,op,0,18860.4515,53021.0,,,1.5,
rsa_pkcs1_sign_3072,OpenSSL 3.6.4,op,0,2008032.1285,498.0,,,0.8,
rsa_pkcs1_verify_3072,OpenSSL 3.6.4,op,0,40051.2656,24968.0,,,0.1,
mlkem768_keygen,OpenSSL 3.6.4,op,0,36234.5363,27598.0,,,0.3,
mlkem768_encaps,OpenSSL 3.6.4,op,0,21788.4103,45896.0,,,1.2,
mlkem768_decaps,OpenSSL 3.6.4,op,0,33292.2729,30037.0,,,0.2,
