quantity,bytes
session_struct_arm64,1160
session_struct_rv32,1080
receive_buffer,2048
static_working_set_arm64,3208
static_working_set_rv32,3128
session_struct_pq_arm64,2344
session_struct_pq_rv32,2264
static_working_set_pq_arm64,4392
static_working_set_pq_rv32,4312
session_struct_webpki_arm64,3064
session_struct_webpki_rv32,2952
receive_buffer_webpki,12338
static_working_set_webpki_arm64,15402
static_working_set_webpki_rv32,15290
stack_connect_rsa,4992
stack_connect_ecdsa,3104
stack_connect_psk,2768
stack_connect_ca_rsa,5472
stack_connect_ca_ecdsa,3264
stack_connect_webpki,16528
stack_read,1712
stack_connect_pq,15872
stack_write,912
stack_close,864
session_struct_server_arm64,1984
session_struct_server_rv32,1824
static_working_set_server_arm64,4032
static_working_set_server_rv32,3872
stack_accept_server,10304
session_struct_server_aes_arm64,2272
static_working_set_server_aes_arm64,4320
stack_accept_server_aes,10448
session_struct_webpki_aes_arm64,3368
receive_buffer_webpki_aes,12338
static_working_set_webpki_aes_arm64,15706
stack_connect_webpki_aes,16656
session_struct_server_aes_runtime_arm64,2280
static_working_set_server_aes_runtime_arm64,4328
session_struct_webpki_aes_runtime_arm64,3376
static_working_set_webpki_aes_runtime_arm64,15714
