# bench/primitives.sh on INTEL(R) XEON(R) PLATINUM 8573C (x86_64), Linux 6.17.0-1022-azure, 2026-10-09, tree d699bec
# gcc (Ubuntu 13.3.0-6ubuntu2~24.04.1) 13.3.0; -std=c11 -O2 -Wall -Wextra -Wpedantic -Werror -Wvla -D_DEFAULT_SOURCE -DCH_RAND_DRBG -I. -Ibench -Itest -DCH_CPU_RUNTIME; primitives adds -DCH_RSA_MODULUS_MAX=512; handshake adds -DCH_ROLE_SERVER -DCH_ROLE_BOTH -DCH_TRANSPORT_TCP_NONBLOCKING -DBENCH_HANDSHAKE_PROGRAM, -DCH_PIN_ECDSA for the ecdsa rows, and -DCH_KEX_PQ for the _hybrid rows, whose client offers X25519MLKEM768 alone
# every timed program is a host object, and the build column is the ch_cfg.cpu value its rows run under: 0x1 is CH_CPU_PROBED alone, and 0x13f is every bit this CPU has that an object reads: CH_CPU_PROBED, CH_CPU_CONSTANT_TIME_AES, CH_CPU_CONSTANT_TIME_MULTIPLY, CH_CPU_AVX2, CH_CPU_VAES, CH_CPU_CONSTANT_TIME_SHA256, CH_CPU_AVX512_IFMA
# OpenSSL 3.6.4 rows: `openssl speed -mr -seconds 1`, one second a run: sha256, sha384 and sha3_256 are -evp over -bytes; x25519_base and p256_ecdh_keygen are the key generations of X25519 and ECP-256, which draw their random bytes; x25519 and p256_ecdh are ecdhx25519 and ecdhp256; p256_sign, p256_ecdsa_verify and p384_ecdsa_verify are ecdsap256 and ecdsap384; the mlkem768 rows are ML-KEM-768; rsa_pkcs1_sign and rsa_pkcs1_verify are rsa2048 and rsa3072, which sign and verify with PKCS#1 v1.5 padding, where chapulin signs PSS
# load average (1, 5, 15 min) before: 0.97 0.54 0.23; after: 1.00 0.92 0.55
# run 1 of 5: 1-minute load average 0.97 at its start
# run 2 of 5: 1-minute load average 1.03 at its start
# run 3 of 5: 1-minute load average 1.00 at its start
# run 4 of 5: 1-minute load average 1.00 at its start
# run 5 of 5: 1-minute load average 1.00 at its start
# ns: nanoseconds of CPU time per byte (unit byte) or per operation (unit op), the median over 5 runs; a chapulin run's figure is the median of its samples, on the thread's CPU clock, and an OpenSSL run's is one second's operations over its user CPU time; per_second: 10^6 bytes, or operations, per second at that median; samples: the fewest one run took; iqr_pct: the largest 25th to 75th percentile spread inside one run, percent of its median; run_spread_pct: slowest run less fastest, percent of the median; instructions: retired per byte or per operation, the median over the runs, where the system counts them
primitive,build,unit,bytes,ns,per_second,samples,iqr_pct,run_spread_pct,instructions
sha256,ch_cfg.cpu 0x1,byte,64,11.6221,86.0,101,7.3,1.4,
sha256,ch_cfg.cpu 0x1,byte,1024,4.3891,227.8,101,8.5,6.9,
sha256,ch_cfg.cpu 0x1,byte,16384,3.9226,254.9,101,8.8,8.8,
sha384,ch_cfg.cpu 0x1,byte,64,8.0639,124.0,101,9.3,3.6,
sha384,ch_cfg.cpu 0x1,byte,1024,3.4728,288.0,101,6.3,2.4,
sha384,ch_cfg.cpu 0x1,byte,16384,3.0012,333.2,101,4.5,0.3,
sha512,ch_cfg.cpu 0x1,byte,64,8.7284,114.6,101,9.3,4.7,
sha512,ch_cfg.cpu 0x1,byte,1024,3.5133,284.6,101,7.1,2.1,
sha512,ch_cfg.cpu 0x1,byte,16384,3.0044,332.8,101,8.2,1.4,
sha3_256,ch_cfg.cpu 0x1,byte,64,7.1236,140.4,101,7.1,0.9,
sha3_256,ch_cfg.cpu 0x1,byte,1024,3.0883,323.8,101,5.2,0.6,
sha3_256,ch_cfg.cpu 0x1,byte,16384,2.8561,350.1,101,8.7,4.4,
shake128_squeeze,ch_cfg.cpu 0x1,byte,64,6.2258,160.6,101,8.4,8.5,
shake128_squeeze,ch_cfg.cpu 0x1,byte,1024,2.5860,386.7,101,8.9,9.0,
shake128_squeeze,ch_cfg.cpu 0x1,byte,16384,2.2364,447.1,101,10.0,6.3,
shake256_squeeze,ch_cfg.cpu 0x1,byte,64,6.1921,161.5,101,8.9,5.1,
shake256_squeeze,ch_cfg.cpu 0x1,byte,1024,2.9389,340.3,101,9.1,8.6,
shake256_squeeze,ch_cfg.cpu 0x1,byte,16384,2.7655,361.6,101,7.8,2.2,
hmac_sha256,ch_cfg.cpu 0x1,byte,64,25.1354,39.8,101,7.3,4.6,
hmac_sha256,ch_cfg.cpu 0x1,byte,1024,5.3713,186.2,101,6.9,6.7,
hmac_sha256,ch_cfg.cpu 0x1,byte,16384,4.0442,247.3,101,7.7,8.2,
hkdf_expand_label,ch_cfg.cpu 0x1,op,32,1248.6055,800893.5,101,7.8,6.8,
chacha20,ch_cfg.cpu 0x1,byte,64,3.6874,271.2,101,8.4,9.2,
chacha20,ch_cfg.cpu 0x1,byte,1200,0.9696,1031.4,101,8.8,4.8,
chacha20,ch_cfg.cpu 0x1,byte,16384,0.9084,1100.8,101,8.8,5.6,
drbg,ch_cfg.cpu 0x1,byte,32,4.6422,215.4,101,5.5,3.7,
drbg,ch_cfg.cpu 0x1,byte,1024,2.2158,451.3,101,8.5,5.1,
drbg,ch_cfg.cpu 0x1,byte,16384,2.0940,477.6,101,6.5,2.2,
poly1305,ch_cfg.cpu 0x1,byte,64,3.7924,263.7,101,7.4,6.0,
poly1305,ch_cfg.cpu 0x1,byte,1200,3.2882,304.1,101,7.9,6.7,
poly1305,ch_cfg.cpu 0x1,byte,16384,3.3295,300.3,101,5.6,3.1,
chacha20_poly1305_seal,ch_cfg.cpu 0x1,byte,64,11.9162,83.9,101,8.8,6.6,
chacha20_poly1305_seal,ch_cfg.cpu 0x1,byte,1200,4.3696,228.9,101,7.9,4.1,
chacha20_poly1305_seal,ch_cfg.cpu 0x1,byte,16384,4.1930,238.5,101,8.4,4.5,
chacha20_poly1305_open,ch_cfg.cpu 0x1,byte,64,11.4612,87.3,101,6.5,5.9,
chacha20_poly1305_open,ch_cfg.cpu 0x1,byte,1200,4.3846,228.1,101,7.4,3.2,
chacha20_poly1305_open,ch_cfg.cpu 0x1,byte,16384,4.2245,236.7,101,5.8,5.7,
p256_ecdsa_verify,ch_cfg.cpu 0x1,op,0,83061.1562,12039.3,101,5.9,3.8,
p384_ecdsa_verify,ch_cfg.cpu 0x1,op,0,557280.5000,1794.4,101,10.6,7.1,
rsa_pss_verify_2048,ch_cfg.cpu 0x1,op,0,31935.7656,31312.9,101,9.8,5.9,
rsa_pss_verify_3072,ch_cfg.cpu 0x1,op,0,69658.4688,14355.8,101,5.6,4.9,
rsa_pss_verify_4096,ch_cfg.cpu 0x1,op,0,118054.6875,8470.7,101,5.5,7.4,
rsa_pkcs1_verify_2048,ch_cfg.cpu 0x1,op,0,29239.3281,34200.5,101,6.4,5.6,
rsa_pkcs1_verify_3072,ch_cfg.cpu 0x1,op,0,63777.8438,15679.4,101,4.2,6.9,
rsa_pkcs1_verify_4096,ch_cfg.cpu 0x1,op,0,112274.9375,8906.7,101,4.0,6.3,
x25519,ch_cfg.cpu 0x1,op,0,2179125.0000,458.9,101,5.9,3.3,
x25519_base,ch_cfg.cpu 0x1,op,0,2179467.0000,458.8,101,9.9,5.4,
mlkem768_keygen,ch_cfg.cpu 0x1,op,0,24982.5000,40028.0,101,7.3,2.8,
mlkem768_encaps,ch_cfg.cpu 0x1,op,0,29492.2344,33907.2,101,6.5,2.2,
mlkem768_decaps,ch_cfg.cpu 0x1,op,0,32413.7812,30851.1,101,7.8,6.7,
p256_ecdh_keygen,ch_cfg.cpu 0x1,op,0,2342714.0000,426.9,101,10.1,5.3,
p256_ecdh,ch_cfg.cpu 0x1,op,0,2345342.0000,426.4,101,7.0,3.5,
p256_sign,ch_cfg.cpu 0x1,op,0,2490822.0000,401.5,101,8.5,4.4,
rsa_pss_sign_2048,ch_cfg.cpu 0x1,op,0,70221070.0000,14.2,13,2.4,4.1,
rsa_pss_sign_3072,ch_cfg.cpu 0x1,op,0,238697689.0000,4.2,11,8.2,7.5,
handshake_pinned_rsa2048,ch_cfg.cpu 0x1,op,0,80500202.0000,12.4,13,2.6,6.3,
handshake_pinned_rsa2048_client_side,ch_cfg.cpu 0x1,op,0,4464323.0000,224.0,13,7.2,5.6,
handshake_pinned_rsa2048_server_side,ch_cfg.cpu 0x1,op,0,75998340.0000,13.2,13,2.3,6.3,
handshake_pinned_rsa3072,ch_cfg.cpu 0x1,op,0,251512133.0000,4.0,11,5.1,4.9,
handshake_pinned_rsa3072_client_side,ch_cfg.cpu 0x1,op,0,4532643.0000,220.6,11,5.5,1.8,
handshake_pinned_rsa3072_server_side,ch_cfg.cpu 0x1,op,0,246866358.0000,4.1,11,5.2,4.9,
handshake_pinned_ecdsa_p256,ch_cfg.cpu 0x1,op,0,11462285.0000,87.2,83,5.5,1.5,
handshake_pinned_ecdsa_p256_client_side,ch_cfg.cpu 0x1,op,0,4529491.0000,220.8,83,6.0,1.7,
handshake_pinned_ecdsa_p256_server_side,ch_cfg.cpu 0x1,op,0,6935690.0000,144.2,83,5.4,1.3,
handshake_pinned_rsa2048_hybrid,ch_cfg.cpu 0x1,op,0,79526384.0000,12.6,13,3.7,4.6,
handshake_pinned_rsa2048_hybrid_client_side,ch_cfg.cpu 0x1,op,0,4557339.0000,219.4,13,5.7,5.2,
handshake_pinned_rsa2048_hybrid_server_side,ch_cfg.cpu 0x1,op,0,75232440.0000,13.3,13,3.4,4.7,
handshake_pinned_rsa3072_hybrid,ch_cfg.cpu 0x1,op,0,243482506.0000,4.1,11,3.4,7.9,
handshake_pinned_rsa3072_hybrid_client_side,ch_cfg.cpu 0x1,op,0,4533582.0000,220.6,11,5.9,11.1,
handshake_pinned_rsa3072_hybrid_server_side,ch_cfg.cpu 0x1,op,0,238786136.0000,4.2,11,3.6,7.9,
handshake_pinned_ecdsa_p256_hybrid,ch_cfg.cpu 0x1,op,0,11530084.0000,86.7,81,5.9,1.8,
handshake_pinned_ecdsa_p256_hybrid_client_side,ch_cfg.cpu 0x1,op,0,4590669.0000,217.8,81,5.0,1.9,
handshake_pinned_ecdsa_p256_hybrid_server_side,ch_cfg.cpu 0x1,op,0,6954303.0000,143.8,81,6.8,1.8,
sha256,ch_cfg.cpu 0x13f,byte,64,2.3633,423.1,101,7.3,4.2,
sha256,ch_cfg.cpu 0x13f,byte,1024,0.7510,1331.6,101,3.4,0.4,
sha256,ch_cfg.cpu 0x13f,byte,16384,0.6530,1531.4,101,5.3,2.7,
sha384,ch_cfg.cpu 0x13f,byte,64,8.0694,123.9,101,7.7,3.3,
sha384,ch_cfg.cpu 0x13f,byte,1024,3.4655,288.6,101,5.4,4.4,
sha384,ch_cfg.cpu 0x13f,byte,16384,3.0001,333.3,101,9.6,1.7,
sha512,ch_cfg.cpu 0x13f,byte,64,8.7294,114.6,101,10.2,2.8,
sha512,ch_cfg.cpu 0x13f,byte,1024,3.5130,284.7,101,8.8,4.5,
sha512,ch_cfg.cpu 0x13f,byte,16384,3.0057,332.7,101,9.1,11.2,
sha3_256,ch_cfg.cpu 0x13f,byte,64,7.1718,139.4,101,7.6,9.4,
sha3_256,ch_cfg.cpu 0x13f,byte,1024,3.1257,319.9,101,6.2,5.9,
sha3_256,ch_cfg.cpu 0x13f,byte,16384,2.8703,348.4,101,5.2,4.1,
shake128_squeeze,ch_cfg.cpu 0x13f,byte,64,6.2897,159.0,101,5.0,4.4,
shake128_squeeze,ch_cfg.cpu 0x13f,byte,1024,2.5953,385.3,101,7.6,5.7,
shake128_squeeze,ch_cfg.cpu 0x13f,byte,16384,2.2547,443.5,101,6.4,2.6,
shake256_squeeze,ch_cfg.cpu 0x13f,byte,64,6.2813,159.2,101,8.5,2.1,
shake256_squeeze,ch_cfg.cpu 0x13f,byte,1024,2.9526,338.7,101,4.8,1.5,
shake256_squeeze,ch_cfg.cpu 0x13f,byte,16384,2.7584,362.5,101,7.3,6.8,
hmac_sha256,ch_cfg.cpu 0x13f,byte,64,5.0916,196.4,101,6.3,2.6,
hmac_sha256,ch_cfg.cpu 0x13f,byte,1024,0.9211,1085.7,101,8.6,6.6,
hmac_sha256,ch_cfg.cpu 0x13f,byte,16384,0.6617,1511.3,101,9.6,4.9,
hkdf_expand_label,ch_cfg.cpu 0x13f,op,32,292.0631,3423917.6,101,8.7,9.6,
chacha20,ch_cfg.cpu 0x13f,byte,64,3.3170,301.5,101,8.9,8.9,
chacha20,ch_cfg.cpu 0x13f,byte,1200,0.5173,1933.1,101,5.1,6.6,
chacha20,ch_cfg.cpu 0x13f,byte,16384,0.3983,2510.7,101,6.7,3.5,
drbg,ch_cfg.cpu 0x13f,byte,32,4.6443,215.3,101,7.8,6.3,
drbg,ch_cfg.cpu 0x13f,byte,1024,2.2058,453.4,101,5.2,5.7,
drbg,ch_cfg.cpu 0x13f,byte,16384,2.1009,476.0,101,6.3,6.9,
poly1305,ch_cfg.cpu 0x13f,byte,64,1.3580,736.4,101,4.6,6.3,
poly1305,ch_cfg.cpu 0x13f,byte,1200,0.3358,2978.0,101,7.3,6.8,
poly1305,ch_cfg.cpu 0x13f,byte,16384,0.1779,5621.1,101,12.3,11.5,
chacha20_poly1305_seal,ch_cfg.cpu 0x13f,byte,64,7.4705,133.9,101,8.1,6.7,
chacha20_poly1305_seal,ch_cfg.cpu 0x13f,byte,1200,1.0139,986.3,101,10.5,7.2,
chacha20_poly1305_seal,ch_cfg.cpu 0x13f,byte,16384,0.6318,1582.8,101,11.8,9.4,
chacha20_poly1305_open,ch_cfg.cpu 0x13f,byte,64,7.3519,136.0,101,8.9,9.4,
chacha20_poly1305_open,ch_cfg.cpu 0x13f,byte,1200,1.0220,978.5,101,9.5,4.4,
chacha20_poly1305_open,ch_cfg.cpu 0x13f,byte,16384,0.6597,1515.8,101,12.5,10.2,
p256_ecdsa_verify,ch_cfg.cpu 0x13f,op,0,82966.8750,12053.0,101,8.7,9.0,
p384_ecdsa_verify,ch_cfg.cpu 0x13f,op,0,552903.2500,1808.6,101,9.1,9.8,
rsa_pss_verify_2048,ch_cfg.cpu 0x13f,op,0,12239.3906,81703.4,101,7.7,6.5,
rsa_pss_verify_3072,ch_cfg.cpu 0x13f,op,0,20004.3828,49989.0,101,8.0,8.0,
rsa_pss_verify_4096,ch_cfg.cpu 0x13f,op,0,30160.4062,33156.1,101,12.0,15.0,
rsa_pkcs1_verify_2048,ch_cfg.cpu 0x13f,op,0,8898.2266,112381.9,101,8.2,3.1,
rsa_pkcs1_verify_3072,ch_cfg.cpu 0x13f,op,0,15733.9766,63556.7,101,8.3,3.5,
rsa_pkcs1_verify_4096,ch_cfg.cpu 0x13f,op,0,23819.5312,41982.4,101,11.4,6.7,
x25519,ch_cfg.cpu 0x13f,op,0,42665.5938,23438.1,101,6.2,6.9,
x25519_base,ch_cfg.cpu 0x13f,op,0,42572.2656,23489.5,101,8.5,10.0,
mlkem768_keygen,ch_cfg.cpu 0x13f,op,0,20583.8906,48581.7,101,13.3,8.9,
mlkem768_encaps,ch_cfg.cpu 0x13f,op,0,23491.8828,42567.9,101,14.1,13.4,
mlkem768_decaps,ch_cfg.cpu 0x13f,op,0,26507.0078,37725.9,101,13.2,7.6,
p256_ecdh_keygen,ch_cfg.cpu 0x13f,op,0,16133.9922,61980.9,101,7.1,4.9,
p256_ecdh,ch_cfg.cpu 0x13f,op,0,80634.8750,12401.6,101,8.5,9.4,
p256_sign,ch_cfg.cpu 0x13f,op,0,24533.7734,40760.1,101,6.7,9.3,
rsa_pss_sign_2048,ch_cfg.cpu 0x13f,op,0,1243709.5000,804.0,101,7.7,7.1,
rsa_pss_sign_3072,ch_cfg.cpu 0x13f,op,0,3624201.0000,275.9,101,7.9,6.4,
handshake_pinned_rsa2048,ch_cfg.cpu 0x13f,op,0,1409530.0000,709.5,101,9.4,9.7,
handshake_pinned_rsa2048_client_side,ch_cfg.cpu 0x13f,op,0,111187.0000,8993.9,101,9.5,9.6,
handshake_pinned_rsa2048_server_side,ch_cfg.cpu 0x13f,op,0,1295640.0000,771.8,101,9.5,9.9,
handshake_pinned_rsa3072,ch_cfg.cpu 0x13f,op,0,3825424.0000,261.4,101,6.8,7.3,
handshake_pinned_rsa3072_client_side,ch_cfg.cpu 0x13f,op,0,121764.0000,8212.6,101,6.8,4.3,
handshake_pinned_rsa3072_server_side,ch_cfg.cpu 0x13f,op,0,3701645.0000,270.2,101,6.8,7.3,
handshake_pinned_ecdsa_p256,ch_cfg.cpu 0x13f,op,0,316730.0000,3157.3,101,9.6,13.1,
handshake_pinned_ecdsa_p256_client_side,ch_cfg.cpu 0x13f,op,0,187214.0000,5341.5,101,9.7,13.0,
handshake_pinned_ecdsa_p256_server_side,ch_cfg.cpu 0x13f,op,0,126491.0000,7905.7,101,9.7,14.2,
handshake_pinned_rsa2048_hybrid,ch_cfg.cpu 0x13f,op,0,1531104.0000,653.1,101,11.9,14.2,
handshake_pinned_rsa2048_hybrid_client_side,ch_cfg.cpu 0x13f,op,0,195152.0000,5124.2,101,13.3,14.2,
handshake_pinned_rsa2048_hybrid_server_side,ch_cfg.cpu 0x13f,op,0,1336879.0000,748.0,101,11.9,14.2,
handshake_pinned_rsa3072_hybrid,ch_cfg.cpu 0x13f,op,0,3923500.0000,254.9,101,7.8,10.7,
handshake_pinned_rsa3072_hybrid_client_side,ch_cfg.cpu 0x13f,op,0,200887.0000,4977.9,101,8.9,8.1,
handshake_pinned_rsa3072_hybrid_server_side,ch_cfg.cpu 0x13f,op,0,3721651.0000,268.7,101,8.1,10.8,
handshake_pinned_ecdsa_p256_hybrid,ch_cfg.cpu 0x13f,op,0,421533.0000,2372.3,101,13.5,11.7,
handshake_pinned_ecdsa_p256_hybrid_client_side,ch_cfg.cpu 0x13f,op,0,264807.0000,3776.3,101,13.7,11.6,
handshake_pinned_ecdsa_p256_hybrid_server_side,ch_cfg.cpu 0x13f,op,0,153359.0000,6520.6,101,13.4,11.4,
sha256,OpenSSL 3.6.4,byte,64,2.7564,362.8,,,6.3,
sha384,OpenSSL 3.6.4,byte,64,5.2485,190.5,,,9.3,
sha3_256,OpenSSL 3.6.4,byte,64,7.0385,142.1,,,7.3,
sha256,OpenSSL 3.6.4,byte,16384,0.6619,1510.8,,,6.1,
sha384,OpenSSL 3.6.4,byte,16384,1.5158,659.7,,,8.7,
sha3_256,OpenSSL 3.6.4,byte,16384,2.2144,451.6,,,7.2,
x25519_base,OpenSSL 3.6.4,op,0,30778.7968,32489.9,,,7.4,
x25519,OpenSSL 3.6.4,op,0,34036.7597,29380.0,,,6.9,
p256_ecdh_keygen,OpenSSL 3.6.4,op,0,11796.2466,84772.7,,,4.9,
p256_ecdh,OpenSSL 3.6.4,op,0,56753.6890,17620.0,,,6.4,
p256_sign,OpenSSL 3.6.4,op,0,22665.4578,44120.0,,,6.4,
p256_ecdsa_verify,OpenSSL 3.6.4,op,0,72859.7450,13725.0,,,6.4,
p384_ecdsa_verify,OpenSSL 3.6.4,op,0,583771.1617,1713.0,,,3.0,
rsa_pkcs1_sign_2048,OpenSSL 3.6.4,op,0,324359.3902,3083.0,,,9.6,
rsa_pkcs1_verify_2048,OpenSSL 3.6.4,op,0,18090.3795,55278.0,,,6.8,
rsa_pkcs1_sign_3072,OpenSSL 3.6.4,op,0,893655.0492,1119.0,,,14.1,
rsa_pkcs1_verify_3072,OpenSSL 3.6.4,op,0,39485.1141,25326.0,,,8.3,
mlkem768_keygen,OpenSSL 3.6.4,op,0,35207.5109,28403.0,,,5.9,
mlkem768_encaps,OpenSSL 3.6.4,op,0,20285.6216,49296.0,,,6.8,
mlkem768_decaps,OpenSSL 3.6.4,op,0,31451.4861,31795.0,,,3.1,
