# bench/primitives.sh on AMD EPYC 7763 64-Core Processor (x86_64), Linux 6.17.0-1022-azure, 2026-10-08, tree 24dd0b5-dirty
# gcc (Ubuntu 13.3.0-6ubuntu2~24.04.1) 13.3.0; -std=c11 -O2 -Wall -Wextra -Wpedantic -Werror -Wvla -D_DEFAULT_SOURCE -DCH_RAND_DRBG -I. -Ibench -Itest -DCH_CPU_RUNTIME; primitives adds -DCH_RSA_MODULUS_MAX=512; handshake adds -DCH_ROLE_SERVER -DCH_ROLE_BOTH -DCH_TRANSPORT_TCP_NONBLOCKING -DBENCH_HANDSHAKE_PROGRAM, -DCH_PIN_ECDSA for the ecdsa rows, and -DCH_KEX_PQ for the _hybrid rows, whose client offers X25519MLKEM768 alone
# every timed program is a host object, and the build column is the ch_cfg.cpu value its rows run under: 0x1 is CH_CPU_PROBED alone, and 0x3f is every bit this CPU has that an object reads: CH_CPU_PROBED, CH_CPU_CONSTANT_TIME_AES, CH_CPU_CONSTANT_TIME_MULTIPLY, CH_CPU_AVX2, CH_CPU_VAES, CH_CPU_CONSTANT_TIME_SHA256
# OpenSSL 3.6.4 rows: `openssl speed -mr -seconds 1`, one second a run: sha256, sha384 and sha3_256 are -evp over -bytes; x25519_base and p256_ecdh_keygen are the key generations of X25519 and ECP-256, which draw their random bytes; x25519 and p256_ecdh are ecdhx25519 and ecdhp256; p256_sign, p256_ecdsa_verify and p384_ecdsa_verify are ecdsap256 and ecdsap384; the mlkem768 rows are ML-KEM-768; rsa_pkcs1_sign and rsa_pkcs1_verify are rsa2048 and rsa3072, which sign and verify with PKCS#1 v1.5 padding, where chapulin signs PSS
# load average (1, 5, 15 min) before: 0.99 0.58 0.24; after: 1.01 0.94 0.57
# run 1 of 5: 1-minute load average 0.99 at its start
# run 2 of 5: 1-minute load average 1.00 at its start
# run 3 of 5: 1-minute load average 1.00 at its start
# run 4 of 5: 1-minute load average 1.00 at its start
# run 5 of 5: 1-minute load average 1.05 at its start
# ns: nanoseconds of CPU time per byte (unit byte) or per operation (unit op), the median over 5 runs; a chapulin run's figure is the median of its samples, on the thread's CPU clock, and an OpenSSL run's is one second's operations over its user CPU time; per_second: 10^6 bytes, or operations, per second at that median; samples: the fewest one run took; iqr_pct: the largest 25th to 75th percentile spread inside one run, percent of its median; run_spread_pct: slowest run less fastest, percent of the median; instructions: retired per byte or per operation, the median over the runs, where the system counts them
primitive,build,unit,bytes,ns,per_second,samples,iqr_pct,run_spread_pct,instructions
sha256,ch_cfg.cpu 0x1,byte,64,12.0983,82.7,101,0.7,0.7,
sha256,ch_cfg.cpu 0x1,byte,1024,4.2679,234.3,101,0.5,0.1,
sha256,ch_cfg.cpu 0x1,byte,16384,3.7692,265.3,101,0.4,0.6,
sha384,ch_cfg.cpu 0x1,byte,64,7.8868,126.8,101,1.0,0.5,
sha384,ch_cfg.cpu 0x1,byte,1024,3.2443,308.2,101,0.8,0.3,
sha384,ch_cfg.cpu 0x1,byte,16384,2.7739,360.5,101,1.1,0.5,
sha512,ch_cfg.cpu 0x1,byte,64,8.5697,116.7,101,1.0,1.1,
sha512,ch_cfg.cpu 0x1,byte,1024,3.2871,304.2,101,0.8,0.1,
sha512,ch_cfg.cpu 0x1,byte,16384,2.7746,360.4,101,0.6,0.3,
sha3_256,ch_cfg.cpu 0x1,byte,64,8.0026,125.0,101,1.2,0.8,
sha3_256,ch_cfg.cpu 0x1,byte,1024,3.3990,294.2,101,0.5,0.1,
sha3_256,ch_cfg.cpu 0x1,byte,16384,3.1226,320.2,101,0.4,0.4,
shake128_squeeze,ch_cfg.cpu 0x1,byte,64,6.9454,144.0,101,1.0,0.5,
shake128_squeeze,ch_cfg.cpu 0x1,byte,1024,2.9282,341.5,101,0.8,0.5,
shake128_squeeze,ch_cfg.cpu 0x1,byte,16384,2.5408,393.6,101,0.6,0.6,
shake256_squeeze,ch_cfg.cpu 0x1,byte,64,6.9265,144.4,101,1.1,0.3,
shake256_squeeze,ch_cfg.cpu 0x1,byte,1024,3.3236,300.9,101,0.8,0.5,
shake256_squeeze,ch_cfg.cpu 0x1,byte,16384,3.1170,320.8,101,0.8,0.5,
hmac_sha256,ch_cfg.cpu 0x1,byte,64,25.7897,38.8,101,0.5,0.5,
hmac_sha256,ch_cfg.cpu 0x1,byte,1024,5.1319,194.9,101,0.4,0.1,
hmac_sha256,ch_cfg.cpu 0x1,byte,16384,3.8231,261.6,101,0.3,0.2,
hkdf_expand_label,ch_cfg.cpu 0x1,op,32,1307.7964,764645.0,101,0.5,1.2,
chacha20,ch_cfg.cpu 0x1,byte,64,3.2131,311.2,101,0.5,0.4,
chacha20,ch_cfg.cpu 0x1,byte,1200,0.8413,1188.6,101,0.2,0.1,
chacha20,ch_cfg.cpu 0x1,byte,16384,0.7850,1273.9,101,0.3,0.3,
drbg,ch_cfg.cpu 0x1,byte,32,4.6205,216.4,101,3.1,0.4,
drbg,ch_cfg.cpu 0x1,byte,1024,2.2742,439.7,101,0.4,0.1,
drbg,ch_cfg.cpu 0x1,byte,16384,2.1417,466.9,101,0.4,0.2,
poly1305,ch_cfg.cpu 0x1,byte,64,4.4880,222.8,101,0.5,0.1,
poly1305,ch_cfg.cpu 0x1,byte,1200,3.4665,288.5,101,0.4,0.1,
poly1305,ch_cfg.cpu 0x1,byte,16384,3.4099,293.3,101,0.4,0.4,
chacha20_poly1305_seal,ch_cfg.cpu 0x1,byte,64,12.2006,82.0,101,0.6,0.4,
chacha20_poly1305_seal,ch_cfg.cpu 0x1,byte,1200,4.5518,219.7,101,0.4,0.2,
chacha20_poly1305_seal,ch_cfg.cpu 0x1,byte,16384,4.2106,237.5,101,0.6,0.6,
chacha20_poly1305_open,ch_cfg.cpu 0x1,byte,64,11.9897,83.4,101,0.6,0.2,
chacha20_poly1305_open,ch_cfg.cpu 0x1,byte,1200,4.5351,220.5,101,0.3,0.2,
chacha20_poly1305_open,ch_cfg.cpu 0x1,byte,16384,4.2117,237.4,101,0.4,0.1,
p256_ecdsa_verify,ch_cfg.cpu 0x1,op,0,95877.9375,10429.9,101,0.8,0.7,
p384_ecdsa_verify,ch_cfg.cpu 0x1,op,0,674465.7500,1482.7,101,0.6,0.3,
rsa_pss_verify_2048,ch_cfg.cpu 0x1,op,0,38757.7812,25801.3,101,0.6,0.2,
rsa_pss_verify_3072,ch_cfg.cpu 0x1,op,0,84079.6875,11893.5,101,0.9,1.2,
rsa_pss_verify_4096,ch_cfg.cpu 0x1,op,0,146458.2500,6827.9,101,0.6,0.3,
rsa_pkcs1_verify_2048,ch_cfg.cpu 0x1,op,0,35356.7500,28283.1,101,0.5,0.5,
rsa_pkcs1_verify_3072,ch_cfg.cpu 0x1,op,0,79626.6875,12558.6,101,0.8,0.9,
rsa_pkcs1_verify_4096,ch_cfg.cpu 0x1,op,0,139882.8125,7148.8,101,0.5,0.4,
x25519,ch_cfg.cpu 0x1,op,0,1999340.0000,500.2,101,0.5,0.9,
x25519_base,ch_cfg.cpu 0x1,op,0,2000873.0000,499.8,101,0.7,1.1,
mlkem768_keygen,ch_cfg.cpu 0x1,op,0,27466.8672,36407.5,101,0.3,0.1,
mlkem768_encaps,ch_cfg.cpu 0x1,op,0,32741.8750,30541.9,101,0.4,0.2,
mlkem768_decaps,ch_cfg.cpu 0x1,op,0,36618.6406,27308.5,101,0.5,0.2,
p256_ecdh_keygen,ch_cfg.cpu 0x1,op,0,2830191.0000,353.3,101,0.4,0.2,
p256_ecdh,ch_cfg.cpu 0x1,op,0,2830331.0000,353.3,101,0.3,0.2,
p256_sign,ch_cfg.cpu 0x1,op,0,3010887.0000,332.1,101,0.3,0.0,
rsa_pss_sign_2048,ch_cfg.cpu 0x1,op,0,86172714.0000,11.6,11,0.2,0.1,
rsa_pss_sign_3072,ch_cfg.cpu 0x1,op,0,288073944.0000,3.5,11,0.3,0.2,
handshake_pinned_rsa2048,ch_cfg.cpu 0x1,op,0,94400964.0000,10.6,11,0.1,0.1,
handshake_pinned_rsa2048_client_side,ch_cfg.cpu 0x1,op,0,4012136.0000,249.2,11,0.8,0.3,
handshake_pinned_rsa2048_server_side,ch_cfg.cpu 0x1,op,0,90379642.0000,11.1,11,0.1,0.1,
handshake_pinned_rsa3072,ch_cfg.cpu 0x1,op,0,296084960.0000,3.4,11,0.1,0.1,
handshake_pinned_rsa3072_client_side,ch_cfg.cpu 0x1,op,0,4061899.0000,246.2,11,0.6,0.1,
handshake_pinned_rsa3072_server_side,ch_cfg.cpu 0x1,op,0,292001962.0000,3.4,11,0.1,0.1,
handshake_pinned_ecdsa_p256,ch_cfg.cpu 0x1,op,0,11113063.0000,90.0,89,0.3,0.5,
handshake_pinned_ecdsa_p256_client_side,ch_cfg.cpu 0x1,op,0,4081626.0000,245.0,89,0.5,0.1,
handshake_pinned_ecdsa_p256_server_side,ch_cfg.cpu 0x1,op,0,7020989.0000,142.4,89,0.4,0.7,
handshake_pinned_rsa2048_hybrid,ch_cfg.cpu 0x1,op,0,94340683.0000,10.6,11,0.2,0.2,
handshake_pinned_rsa2048_hybrid_client_side,ch_cfg.cpu 0x1,op,0,4127540.0000,242.3,11,0.6,1.8,
handshake_pinned_rsa2048_hybrid_server_side,ch_cfg.cpu 0x1,op,0,90183857.0000,11.1,11,0.1,0.2,
handshake_pinned_rsa3072_hybrid,ch_cfg.cpu 0x1,op,0,296053211.0000,3.4,11,0.1,0.1,
handshake_pinned_rsa3072_hybrid_client_side,ch_cfg.cpu 0x1,op,0,4184206.0000,239.0,11,0.7,1.7,
handshake_pinned_rsa3072_hybrid_server_side,ch_cfg.cpu 0x1,op,0,291796648.0000,3.4,11,0.1,0.1,
handshake_pinned_ecdsa_p256_hybrid,ch_cfg.cpu 0x1,op,0,11242987.0000,88.9,87,0.5,0.7,
handshake_pinned_ecdsa_p256_hybrid_client_side,ch_cfg.cpu 0x1,op,0,4192801.0000,238.5,87,0.5,1.2,
handshake_pinned_ecdsa_p256_hybrid_server_side,ch_cfg.cpu 0x1,op,0,7042109.0000,142.0,87,0.4,0.4,
sha256,ch_cfg.cpu 0x3f,byte,64,2.6579,376.2,101,0.4,0.4,
sha256,ch_cfg.cpu 0x3f,byte,1024,0.7544,1325.6,101,2.0,0.3,
sha256,ch_cfg.cpu 0x3f,byte,16384,0.6359,1572.6,101,0.3,0.0,
sha384,ch_cfg.cpu 0x3f,byte,64,7.8794,126.9,101,1.2,0.3,
sha384,ch_cfg.cpu 0x3f,byte,1024,3.2469,308.0,101,1.0,0.5,
sha384,ch_cfg.cpu 0x3f,byte,16384,2.7725,360.7,101,1.0,0.4,
sha512,ch_cfg.cpu 0x3f,byte,64,8.5706,116.7,101,1.1,0.8,
sha512,ch_cfg.cpu 0x3f,byte,1024,3.2887,304.1,101,0.7,0.2,
sha512,ch_cfg.cpu 0x3f,byte,16384,2.7761,360.2,101,0.6,0.1,
sha3_256,ch_cfg.cpu 0x3f,byte,64,7.9816,125.3,101,0.9,0.4,
sha3_256,ch_cfg.cpu 0x3f,byte,1024,3.3962,294.4,101,0.5,0.3,
sha3_256,ch_cfg.cpu 0x3f,byte,16384,3.1234,320.2,101,0.6,0.3,
shake128_squeeze,ch_cfg.cpu 0x3f,byte,64,6.9582,143.7,101,1.0,0.4,
shake128_squeeze,ch_cfg.cpu 0x3f,byte,1024,2.9252,341.9,101,0.7,0.3,
shake128_squeeze,ch_cfg.cpu 0x3f,byte,16384,2.5430,393.2,101,0.7,0.3,
shake256_squeeze,ch_cfg.cpu 0x3f,byte,64,6.9227,144.5,101,1.5,0.6,
shake256_squeeze,ch_cfg.cpu 0x3f,byte,1024,3.3241,300.8,101,0.6,0.3,
shake256_squeeze,ch_cfg.cpu 0x3f,byte,16384,3.1162,320.9,101,0.6,0.4,
hmac_sha256,ch_cfg.cpu 0x3f,byte,64,5.2533,190.4,101,0.3,2.4,
hmac_sha256,ch_cfg.cpu 0x3f,byte,1024,0.9167,1090.9,101,0.2,0.8,
hmac_sha256,ch_cfg.cpu 0x3f,byte,16384,0.6460,1548.0,101,0.3,0.1,
hkdf_expand_label,ch_cfg.cpu 0x3f,op,32,319.1061,3133753.9,101,0.8,1.4,
chacha20,ch_cfg.cpu 0x3f,byte,64,3.0833,324.3,101,0.4,0.2,
chacha20,ch_cfg.cpu 0x3f,byte,1200,0.5000,2000.0,101,0.4,0.1,
chacha20,ch_cfg.cpu 0x3f,byte,16384,0.3824,2615.1,101,0.3,0.1,
drbg,ch_cfg.cpu 0x3f,byte,32,4.6226,216.3,101,0.5,0.2,
drbg,ch_cfg.cpu 0x3f,byte,1024,2.2733,439.9,101,0.5,0.1,
drbg,ch_cfg.cpu 0x3f,byte,16384,2.1413,467.0,101,0.4,0.1,
poly1305,ch_cfg.cpu 0x3f,byte,64,1.5978,625.9,101,2.1,1.4,
poly1305,ch_cfg.cpu 0x3f,byte,1200,0.3899,2564.8,101,0.7,2.4,
poly1305,ch_cfg.cpu 0x3f,byte,16384,0.1667,5998.8,101,0.4,0.1,
chacha20_poly1305_seal,ch_cfg.cpu 0x3f,byte,64,7.9218,126.2,101,0.5,1.7,
chacha20_poly1305_seal,ch_cfg.cpu 0x3f,byte,1200,1.0824,923.9,101,0.4,0.4,
chacha20_poly1305_seal,ch_cfg.cpu 0x3f,byte,16384,0.5629,1776.5,101,0.7,0.2,
chacha20_poly1305_open,ch_cfg.cpu 0x3f,byte,64,7.6106,131.4,101,0.4,1.5,
chacha20_poly1305_open,ch_cfg.cpu 0x3f,byte,1200,1.0622,941.4,101,0.5,0.8,
chacha20_poly1305_open,ch_cfg.cpu 0x3f,byte,16384,0.5628,1776.8,101,2.3,0.4,
p256_ecdsa_verify,ch_cfg.cpu 0x3f,op,0,95859.4688,10431.9,101,1.2,0.7,
p384_ecdsa_verify,ch_cfg.cpu 0x3f,op,0,675432.7500,1480.5,101,0.5,0.3,
rsa_pss_verify_2048,ch_cfg.cpu 0x3f,op,0,38704.7031,25836.7,101,0.5,0.4,
rsa_pss_verify_3072,ch_cfg.cpu 0x3f,op,0,84285.6875,11864.4,101,0.7,0.8,
rsa_pss_verify_4096,ch_cfg.cpu 0x3f,op,0,146536.4375,6824.2,101,0.5,0.3,
rsa_pkcs1_verify_2048,ch_cfg.cpu 0x3f,op,0,35304.4688,28325.0,101,0.6,0.3,
rsa_pkcs1_verify_3072,ch_cfg.cpu 0x3f,op,0,79964.8125,12505.5,101,0.8,0.6,
rsa_pkcs1_verify_4096,ch_cfg.cpu 0x3f,op,0,139884.7500,7148.7,101,0.6,0.2,
x25519,ch_cfg.cpu 0x3f,op,0,54348.5938,18399.7,101,0.8,1.3,
x25519_base,ch_cfg.cpu 0x3f,op,0,54291.1406,18419.2,101,1.0,0.7,
mlkem768_keygen,ch_cfg.cpu 0x3f,op,0,19749.0312,50635.4,101,0.4,0.2,
mlkem768_encaps,ch_cfg.cpu 0x3f,op,0,22163.2266,45119.8,101,0.5,0.2,
mlkem768_decaps,ch_cfg.cpu 0x3f,op,0,25301.3516,39523.6,101,0.3,0.1,
p256_ecdh_keygen,ch_cfg.cpu 0x3f,op,0,18701.1406,53472.7,101,0.6,0.6,
p256_ecdh,ch_cfg.cpu 0x3f,op,0,93161.3125,10734.1,101,0.4,0.1,
p256_sign,ch_cfg.cpu 0x3f,op,0,26898.4688,37176.8,101,0.6,0.6,
rsa_pss_sign_2048,ch_cfg.cpu 0x3f,op,0,1471715.5000,679.5,101,0.3,0.1,
rsa_pss_sign_3072,ch_cfg.cpu 0x3f,op,0,4533529.0000,220.6,101,0.4,0.1,
handshake_pinned_rsa2048,ch_cfg.cpu 0x3f,op,0,1784990.0000,560.2,101,0.5,0.6,
handshake_pinned_rsa2048_client_side,ch_cfg.cpu 0x3f,op,0,163094.0000,6131.4,101,0.9,0.9,
handshake_pinned_rsa2048_server_side,ch_cfg.cpu 0x3f,op,0,1614933.0000,619.2,101,0.7,0.6,
handshake_pinned_rsa3072,ch_cfg.cpu 0x3f,op,0,4955176.0000,201.8,101,0.4,0.4,
handshake_pinned_rsa3072_client_side,ch_cfg.cpu 0x3f,op,0,212005.0000,4716.9,101,3.8,0.3,
handshake_pinned_rsa3072_server_side,ch_cfg.cpu 0x3f,op,0,4735455.0000,211.2,101,0.4,0.5,
handshake_pinned_ecdsa_p256,ch_cfg.cpu 0x3f,op,0,373778.0000,2675.4,101,2.9,0.6,
handshake_pinned_ecdsa_p256_client_side,ch_cfg.cpu 0x3f,op,0,217316.0000,4601.6,101,4.3,0.5,
handshake_pinned_ecdsa_p256_server_side,ch_cfg.cpu 0x3f,op,0,148628.0000,6728.2,101,0.9,1.9,
handshake_pinned_rsa2048_hybrid,ch_cfg.cpu 0x3f,op,0,1843529.0000,542.4,101,0.3,0.3,
handshake_pinned_rsa2048_hybrid_client_side,ch_cfg.cpu 0x3f,op,0,235851.0000,4240.0,101,3.5,1.4,
handshake_pinned_rsa2048_hybrid_server_side,ch_cfg.cpu 0x3f,op,0,1600616.0000,624.8,101,0.7,0.2,
handshake_pinned_rsa3072_hybrid,ch_cfg.cpu 0x3f,op,0,4904049.0000,203.9,101,0.6,0.4,
handshake_pinned_rsa3072_hybrid_client_side,ch_cfg.cpu 0x3f,op,0,283338.0000,3529.4,101,3.2,1.9,
handshake_pinned_rsa3072_hybrid_server_side,ch_cfg.cpu 0x3f,op,0,4613288.0000,216.8,101,0.6,0.4,
handshake_pinned_ecdsa_p256_hybrid,ch_cfg.cpu 0x3f,op,0,477451.0000,2094.5,101,2.6,0.5,
handshake_pinned_ecdsa_p256_hybrid_client_side,ch_cfg.cpu 0x3f,op,0,291595.0000,3429.4,101,3.6,0.3,
handshake_pinned_ecdsa_p256_hybrid_server_side,ch_cfg.cpu 0x3f,op,0,175747.0000,5690.0,101,1.3,0.9,
sha256,OpenSSL 3.6.4,byte,64,3.0187,331.3,,,2.2,
sha384,OpenSSL 3.6.4,byte,64,5.1956,192.5,,,1.2,
sha3_256,OpenSSL 3.6.4,byte,64,7.6389,130.9,,,1.2,
sha256,OpenSSL 3.6.4,byte,16384,0.6373,1569.1,,,0.7,
sha384,OpenSSL 3.6.4,byte,16384,1.3369,748.0,,,0.2,
sha3_256,OpenSSL 3.6.4,byte,16384,2.3490,425.7,,,1.0,
x25519_base,OpenSSL 3.6.4,op,0,33848.4683,29543.4,,,0.3,
x25519,OpenSSL 3.6.4,op,0,36493.6866,27402.0,,,0.3,
p256_ecdh_keygen,OpenSSL 3.6.4,op,0,12308.4652,81244.9,,,1.9,
p256_ecdh,OpenSSL 3.6.4,op,0,51655.5607,19359.0,,,0.4,
p256_sign,OpenSSL 3.6.4,op,0,22121.4220,45205.1,,,2.4,
p256_ecdsa_verify,OpenSSL 3.6.4,op,0,67727.7345,14765.0,,,0.2,
p384_ecdsa_verify,OpenSSL 3.6.4,op,0,730994.1520,1368.0,,,1.0,
rsa_pkcs1_sign_2048,OpenSSL 3.6.4,op,0,660501.9815,1514.0,,,1.0,
rsa_pkcs1_verify_2048,OpenSSL 3.6.4,op,0,18855.1173,53036.0,,,0.3,
rsa_pkcs1_sign_3072,OpenSSL 3.6.4,op,0,2008032.1285,498.0,,,0.2,
rsa_pkcs1_verify_3072,OpenSSL 3.6.4,op,0,40068.9185,24957.0,,,0.4,
mlkem768_keygen,OpenSSL 3.6.4,op,0,36303.6304,27545.5,,,1.4,
mlkem768_encaps,OpenSSL 3.6.4,op,0,21752.9828,45970.7,,,1.2,
mlkem768_decaps,OpenSSL 3.6.4,op,0,33315.5650,30016.0,,,0.3,
