# bench/record.sh on AMD EPYC 7763 64-Core Processor (x86_64), Linux 6.17.0-1022-azure, 2026-10-08, tree 24dd0b5-dirty
# Ubuntu clang version 23.1.2 (++20260919103626+4b1925210476-1~exp1~20260919223755.77); clang-23 -Wall -Wextra -Wpedantic -Werror -std=c11 -O2 -D_DEFAULT_SOURCE -Wvla -DCH_RAND_EXTERN -DCH_SUITE_AES_GCM -DCH_CPU_RUNTIME -I. -Ibench; the build column is the ch_cfg.cpu value the rows run under, -DBENCH_CPU: 0x3 states the AES instructions, and 0x7 adds CH_CPU_CONSTANT_TIME_MULTIPLY, the vector Poly1305; ch_cfg.cpu 0x1f adds CH_CPU_AVX2 and CH_CPU_VAES, the AVX2 ChaCha20 and Poly1305 and the VAES AES-GCM
# no zig row: zig 0.16.0 is not on PATH; OpenSSL 3.6.4, whose rows' stages are openssl_ and the stage here that times one operation of its `speed -aead`
# load average (1, 5, 15 min) before: 1.00 0.94 0.58; after: 1.00 0.95 0.61
# ns: per record, the median of 5 runs, each the median of 15 batches of at least 1 ms; ns_per_byte and mb_per_s: per byte of the record's plaintext; spread_pct: the slowest run less the fastest, percent of ns; p10_ns and p90_ns: the batches at the 10th and 90th percentile over every run; # check lines: aead, build, record_bytes, a whole and its parts, the whole's ns, the parts' summed ns, and their difference
aead,build,stage,record_bytes,ns,ns_per_byte,mb_per_s,spread_pct,p10_ns,p90_ns
aes128gcm,ch_cfg.cpu 0x3,rec_seal,1024,736.1,0.7189,1391.1,0.5,732.0,738.9
aes128gcm,ch_cfg.cpu 0x3,refill,1024,15.3,0.0149,67141.4,0.1,15.2,15.4
aes128gcm,ch_cfg.cpu 0x3,rec_open,1024,722.1,0.7052,1418.1,0.2,718.7,725.1
aes128gcm,ch_cfg.cpu 0x3,rec_seal_without_aead,1024,291.9,0.2851,3507.8,0.2,288.9,293.6
aes128gcm,ch_cfg.cpu 0x3,rec_open_without_aead,1024,274.2,0.2677,3735.1,0.2,272.9,276.1
aes128gcm,ch_cfg.cpu 0x3,key_expansion,0,248.1,,,0.2,247.5,248.9
aes128gcm,ch_cfg.cpu 0x3,key_wipe,0,5.6,,,0.5,5.6,5.6
aes128gcm,ch_cfg.cpu 0x3,seal_aes_gcm,1024,717.8,0.7009,1426.7,0.4,715.5,721.7
aes128gcm,ch_cfg.cpu 0x3,open_aes_gcm,1024,716.1,0.6993,1430.0,0.1,712.5,719.3
aes128gcm,ch_cfg.cpu 0x3,aead_seal,1024,458.1,0.4474,2235.4,0.1,456.9,459.5
aes128gcm,ch_cfg.cpu 0x3,aead_open,1024,446.8,0.4363,2291.8,0.2,445.5,448.0
aes128gcm,ch_cfg.cpu 0x3,counter_mode_in_place,1024,168.4,0.1645,6079.4,0.5,168.0,169.6
aes128gcm,ch_cfg.cpu 0x3,counter_mode_shifted,1024,168.0,0.1640,6096.7,0.4,167.7,169.3
aes128gcm,ch_cfg.cpu 0x3,counter_blocks_in_place,1024,141.5,0.1381,7239.0,0.4,140.9,142.9
aes128gcm,ch_cfg.cpu 0x3,counter_blocks_shifted,1024,141.9,0.1386,7215.2,0.1,141.4,142.7
aes128gcm,ch_cfg.cpu 0x3,seal_passes,1024,348.3,0.3401,2940.1,0.3,346.4,350.2
aes128gcm,ch_cfg.cpu 0x3,open_passes,1024,344.6,0.3365,2971.3,0.3,343.4,346.6
aes128gcm,ch_cfg.cpu 0x3,compute_tag,1024,275.0,0.2686,3723.4,0.1,274.4,278.1
aes128gcm,ch_cfg.cpu 0x3,ghash_data,1024,207.7,0.2028,4930.2,0.2,206.6,210.0
aes128gcm,ch_cfg.cpu 0x3,compute_tag_fixed,0,70.6,,,0.4,70.2,71.2
aes128gcm,ch_cfg.cpu 0x3,counter_mode_tail_in_place,1024,27.2,0.0265,37709.4,5.1,,
aes128gcm,ch_cfg.cpu 0x3,counter_mode_tail_shifted,1024,26.1,0.0255,39211.9,3.0,,
# check,aes128gcm,ch_cfg.cpu 0x3,1024,seal_aes_gcm = key_expansion + aead_seal + key_wipe,717.8,711.8,-0.8%
# check,aes128gcm,ch_cfg.cpu 0x3,1024,open_aes_gcm = key_expansion + aead_open + key_wipe,716.1,700.5,-2.2%
# check,aes128gcm,ch_cfg.cpu 0x3,1024,aead_seal = seal_passes + compute_tag_fixed,458.1,418.9,-8.6%
# check,aes128gcm,ch_cfg.cpu 0x3,1024,aead_open = open_passes + compute_tag_fixed,446.8,415.2,-7.1%
# check,aes128gcm,ch_cfg.cpu 0x3,1024,compute_tag = ghash_data + compute_tag_fixed,275.0,278.3,+1.2%
# check,aes128gcm,ch_cfg.cpu 0x3,1024,rec_seal = rec_seal_without_aead + aead_seal,736.1,750.0,+1.9%
# check,aes128gcm,ch_cfg.cpu 0x3,1024,rec_open = rec_open_without_aead + aead_open,722.1,721.0,-0.2%
aes128gcm,ch_cfg.cpu 0x3,rec_seal,16384,5392.9,0.3292,3038.1,0.1,5387.7,5425.1
aes128gcm,ch_cfg.cpu 0x3,refill,16384,253.5,0.0155,64639.8,0.2,253.4,255.2
aes128gcm,ch_cfg.cpu 0x3,rec_open,16384,5139.1,0.3137,3188.1,0.6,5106.0,5159.5
aes128gcm,ch_cfg.cpu 0x3,rec_seal_without_aead,16384,523.2,0.0319,31312.8,0.1,522.2,524.9
aes128gcm,ch_cfg.cpu 0x3,rec_open_without_aead,16384,274.1,0.0167,59768.4,0.3,273.4,276.0
aes128gcm,ch_cfg.cpu 0x3,seal_aes_gcm,16384,5135.7,0.3135,3190.2,0.3,5130.1,5168.2
aes128gcm,ch_cfg.cpu 0x3,open_aes_gcm,16384,5109.3,0.3118,3206.7,0.5,5100.9,5142.4
aes128gcm,ch_cfg.cpu 0x3,aead_seal,16384,4877.5,0.2977,3359.1,0.1,4870.9,4917.8
aes128gcm,ch_cfg.cpu 0x3,aead_open,16384,4846.1,0.2958,3380.8,0.3,4842.1,4886.9
aes128gcm,ch_cfg.cpu 0x3,counter_mode_in_place,16384,2064.0,0.1260,7938.0,0.2,2061.5,2069.7
aes128gcm,ch_cfg.cpu 0x3,counter_mode_shifted,16384,2037.6,0.1244,8041.0,0.1,2036.4,2042.2
aes128gcm,ch_cfg.cpu 0x3,counter_blocks_in_place,16384,2034.6,0.1242,8052.6,0.1,2033.3,2039.4
aes128gcm,ch_cfg.cpu 0x3,counter_blocks_shifted,16384,2008.9,0.1226,8155.7,0.0,2006.6,2023.5
aes128gcm,ch_cfg.cpu 0x3,seal_passes,16384,4767.3,0.2910,3436.8,0.1,4762.0,4802.0
aes128gcm,ch_cfg.cpu 0x3,open_passes,16384,4744.9,0.2896,3453.0,0.1,4738.6,4774.3
aes128gcm,ch_cfg.cpu 0x3,compute_tag,16384,2609.0,0.1592,6279.8,0.1,2605.6,2624.9
aes128gcm,ch_cfg.cpu 0x3,ghash_data,16384,2546.5,0.1554,6434.0,0.1,2543.1,2565.2
aes128gcm,ch_cfg.cpu 0x3,counter_mode_tail_in_place,16384,29.4,0.0018,557827.4,10.9,,
aes128gcm,ch_cfg.cpu 0x3,counter_mode_tail_shifted,16384,28.4,0.0017,576180.2,7.4,,
# check,aes128gcm,ch_cfg.cpu 0x3,16384,seal_aes_gcm = key_expansion + aead_seal + key_wipe,5135.7,5131.2,-0.1%
# check,aes128gcm,ch_cfg.cpu 0x3,16384,open_aes_gcm = key_expansion + aead_open + key_wipe,5109.3,5099.8,-0.2%
# check,aes128gcm,ch_cfg.cpu 0x3,16384,aead_seal = seal_passes + compute_tag_fixed,4877.5,4837.9,-0.8%
# check,aes128gcm,ch_cfg.cpu 0x3,16384,aead_open = open_passes + compute_tag_fixed,4846.1,4815.5,-0.6%
# check,aes128gcm,ch_cfg.cpu 0x3,16384,compute_tag = ghash_data + compute_tag_fixed,2609.0,2617.1,+0.3%
# check,aes128gcm,ch_cfg.cpu 0x3,16384,rec_seal = rec_seal_without_aead + aead_seal,5392.9,5400.8,+0.1%
# check,aes128gcm,ch_cfg.cpu 0x3,16384,rec_open = rec_open_without_aead + aead_open,5139.1,5120.2,-0.4%
aes128gcm,ch_cfg.cpu 0x3,refill,65536,1451.3,0.0221,45157.0,0.4,1444.0,1457.2
aes128gcm,ch_cfg.cpu 0x3,seal_aes_gcm,65536,19404.6,0.2961,3377.3,0.2,19374.6,19539.7
aes128gcm,ch_cfg.cpu 0x3,open_aes_gcm,65536,19213.0,0.2932,3411.0,0.5,19176.3,19359.3
aes128gcm,ch_cfg.cpu 0x3,aead_seal,65536,19123.3,0.2918,3427.0,0.1,19104.5,19278.2
aes128gcm,ch_cfg.cpu 0x3,aead_open,65536,18944.9,0.2891,3459.3,0.1,18911.9,19109.1
aes128gcm,ch_cfg.cpu 0x3,counter_mode_in_place,65536,8164.0,0.1246,8027.5,0.1,8139.6,8207.7
aes128gcm,ch_cfg.cpu 0x3,counter_mode_shifted,65536,8045.4,0.1228,8145.8,0.1,8021.1,8071.1
aes128gcm,ch_cfg.cpu 0x3,counter_blocks_in_place,65536,8143.4,0.1243,8047.8,0.2,8117.0,8197.4
aes128gcm,ch_cfg.cpu 0x3,counter_blocks_shifted,65536,8022.2,0.1224,8169.4,0.2,7999.2,8050.2
aes128gcm,ch_cfg.cpu 0x3,seal_passes,65536,19012.2,0.2901,3447.0,0.1,18993.4,19164.3
aes128gcm,ch_cfg.cpu 0x3,open_passes,65536,18795.4,0.2868,3486.8,0.1,18765.0,18936.9
aes128gcm,ch_cfg.cpu 0x3,compute_tag,65536,10072.8,0.1537,6506.3,0.1,10065.4,10139.7
aes128gcm,ch_cfg.cpu 0x3,ghash_data,65536,10006.2,0.1527,6549.5,0.4,10000.6,10080.2
aes128gcm,ch_cfg.cpu 0x3,counter_mode_tail_in_place,65536,22.6,0.0003,2897619.3,47.8,,
aes128gcm,ch_cfg.cpu 0x3,counter_mode_tail_shifted,65536,23.2,0.0004,2819700.2,77.8,,
# check,aes128gcm,ch_cfg.cpu 0x3,65536,seal_aes_gcm = key_expansion + aead_seal + key_wipe,19404.6,19377.0,-0.1%
# check,aes128gcm,ch_cfg.cpu 0x3,65536,open_aes_gcm = key_expansion + aead_open + key_wipe,19213.0,19198.5,-0.1%
# check,aes128gcm,ch_cfg.cpu 0x3,65536,aead_seal = seal_passes + compute_tag_fixed,19123.3,19082.8,-0.2%
# check,aes128gcm,ch_cfg.cpu 0x3,65536,aead_open = open_passes + compute_tag_fixed,18944.9,18865.9,-0.4%
# check,aes128gcm,ch_cfg.cpu 0x3,65536,compute_tag = ghash_data + compute_tag_fixed,10072.8,10076.8,+0.0%
aes256gcm,ch_cfg.cpu 0x3,rec_seal,1024,859.0,0.8389,1192.0,0.4,854.1,864.1
aes256gcm,ch_cfg.cpu 0x3,refill,1024,15.3,0.0149,67142.1,0.3,15.2,15.3
aes256gcm,ch_cfg.cpu 0x3,rec_open,1024,843.9,0.8242,1213.3,0.2,840.7,845.8
aes256gcm,ch_cfg.cpu 0x3,rec_seal_without_aead,1024,365.5,0.3569,2801.8,0.3,363.7,367.5
aes256gcm,ch_cfg.cpu 0x3,rec_open_without_aead,1024,353.2,0.3449,2899.1,0.4,351.3,354.3
aes256gcm,ch_cfg.cpu 0x3,key_expansion,0,333.1,,,1.1,324.7,335.4
aes256gcm,ch_cfg.cpu 0x3,key_wipe,0,5.6,,,5.6,5.6,5.9
aes256gcm,ch_cfg.cpu 0x3,seal_aes_gcm,1024,842.2,0.8224,1215.9,0.2,838.9,844.5
aes256gcm,ch_cfg.cpu 0x3,open_aes_gcm,1024,839.4,0.8197,1220.0,0.1,835.8,843.7
aes256gcm,ch_cfg.cpu 0x3,aead_seal,1024,504.2,0.4924,2031.0,0.3,503.0,506.8
aes256gcm,ch_cfg.cpu 0x3,aead_open,1024,492.4,0.4808,2079.8,0.1,491.1,495.2
aes256gcm,ch_cfg.cpu 0x3,counter_mode_in_place,1024,213.0,0.2080,4806.5,0.1,212.1,213.9
aes256gcm,ch_cfg.cpu 0x3,counter_mode_shifted,1024,212.3,0.2073,4823.0,0.4,211.2,212.7
aes256gcm,ch_cfg.cpu 0x3,counter_blocks_in_place,1024,181.8,0.1776,5631.1,0.4,180.5,183.0
aes256gcm,ch_cfg.cpu 0x3,counter_blocks_shifted,1024,180.8,0.1766,5662.2,0.4,180.0,181.8
aes256gcm,ch_cfg.cpu 0x3,seal_passes,1024,383.3,0.3743,2671.8,0.2,381.3,385.0
aes256gcm,ch_cfg.cpu 0x3,open_passes,1024,381.7,0.3728,2682.4,0.2,380.2,382.9
aes256gcm,ch_cfg.cpu 0x3,compute_tag,1024,280.6,0.2740,3650.0,0.2,279.5,282.8
aes256gcm,ch_cfg.cpu 0x3,ghash_data,1024,207.6,0.2027,4933.7,0.4,206.5,208.3
aes256gcm,ch_cfg.cpu 0x3,compute_tag_fixed,0,77.0,,,0.4,76.7,77.7
aes256gcm,ch_cfg.cpu 0x3,counter_mode_tail_in_place,1024,31.2,0.0304,32849.4,2.3,,
aes256gcm,ch_cfg.cpu 0x3,counter_mode_tail_shifted,1024,31.4,0.0306,32650.8,3.4,,
# check,aes256gcm,ch_cfg.cpu 0x3,1024,seal_aes_gcm = key_expansion + aead_seal + key_wipe,842.2,842.8,+0.1%
# check,aes256gcm,ch_cfg.cpu 0x3,1024,open_aes_gcm = key_expansion + aead_open + key_wipe,839.4,831.0,-1.0%
# check,aes256gcm,ch_cfg.cpu 0x3,1024,aead_seal = seal_passes + compute_tag_fixed,504.2,460.3,-8.7%
# check,aes256gcm,ch_cfg.cpu 0x3,1024,aead_open = open_passes + compute_tag_fixed,492.4,458.8,-6.8%
# check,aes256gcm,ch_cfg.cpu 0x3,1024,compute_tag = ghash_data + compute_tag_fixed,280.6,284.6,+1.4%
# check,aes256gcm,ch_cfg.cpu 0x3,1024,rec_seal = rec_seal_without_aead + aead_seal,859.0,869.7,+1.2%
# check,aes256gcm,ch_cfg.cpu 0x3,1024,rec_open = rec_open_without_aead + aead_open,843.9,845.6,+0.2%
aes256gcm,ch_cfg.cpu 0x3,rec_seal,16384,6052.2,0.3694,2707.1,0.1,6021.0,6102.6
aes256gcm,ch_cfg.cpu 0x3,refill,16384,253.5,0.0155,64632.3,0.1,253.4,254.4
aes256gcm,ch_cfg.cpu 0x3,rec_open,16384,5770.5,0.3522,2839.3,0.1,5738.2,5785.9
aes256gcm,ch_cfg.cpu 0x3,rec_seal_without_aead,16384,608.8,0.0372,26911.0,0.5,607.9,613.5
aes256gcm,ch_cfg.cpu 0x3,rec_open_without_aead,16384,353.1,0.0215,46406.9,0.5,351.3,354.1
aes256gcm,ch_cfg.cpu 0x3,seal_aes_gcm,16384,5782.3,0.3529,2833.5,0.4,5752.6,5808.3
aes256gcm,ch_cfg.cpu 0x3,open_aes_gcm,16384,5776.4,0.3526,2836.4,0.2,5745.2,5788.6
aes256gcm,ch_cfg.cpu 0x3,aead_seal,16384,5424.9,0.3311,3020.2,0.5,5416.1,5460.8
aes256gcm,ch_cfg.cpu 0x3,aead_open,16384,5406.2,0.3300,3030.6,0.1,5396.9,5433.9
aes256gcm,ch_cfg.cpu 0x3,counter_mode_in_place,16384,2690.3,0.1642,6090.0,0.4,2676.7,2704.5
aes256gcm,ch_cfg.cpu 0x3,counter_mode_shifted,16384,2664.2,0.1626,6149.8,0.4,2648.8,2673.6
aes256gcm,ch_cfg.cpu 0x3,counter_blocks_in_place,16384,2657.3,0.1622,6165.6,0.4,2646.7,2668.8
aes256gcm,ch_cfg.cpu 0x3,counter_blocks_shifted,16384,2627.3,0.1604,6236.0,0.3,2614.1,2640.3
aes256gcm,ch_cfg.cpu 0x3,seal_passes,16384,5310.5,0.3241,3085.2,0.5,5298.9,5340.7
aes256gcm,ch_cfg.cpu 0x3,open_passes,16384,5287.1,0.3227,3098.8,0.5,5275.0,5323.5
aes256gcm,ch_cfg.cpu 0x3,compute_tag,16384,2612.8,0.1595,6270.6,0.4,2610.7,2633.4
aes256gcm,ch_cfg.cpu 0x3,ghash_data,16384,2547.4,0.1555,6431.7,0.5,2542.4,2563.3
aes256gcm,ch_cfg.cpu 0x3,counter_mode_tail_in_place,16384,35.4,0.0022,462845.3,50.8,,
aes256gcm,ch_cfg.cpu 0x3,counter_mode_tail_shifted,16384,38.2,0.0023,428712.0,45.4,,
# check,aes256gcm,ch_cfg.cpu 0x3,16384,seal_aes_gcm = key_expansion + aead_seal + key_wipe,5782.3,5763.5,-0.3%
# check,aes256gcm,ch_cfg.cpu 0x3,16384,open_aes_gcm = key_expansion + aead_open + key_wipe,5776.4,5744.9,-0.5%
# check,aes256gcm,ch_cfg.cpu 0x3,16384,aead_seal = seal_passes + compute_tag_fixed,5424.9,5387.5,-0.7%
# check,aes256gcm,ch_cfg.cpu 0x3,16384,aead_open = open_passes + compute_tag_fixed,5406.2,5364.2,-0.8%
# check,aes256gcm,ch_cfg.cpu 0x3,16384,compute_tag = ghash_data + compute_tag_fixed,2612.8,2624.4,+0.4%
# check,aes256gcm,ch_cfg.cpu 0x3,16384,rec_seal = rec_seal_without_aead + aead_seal,6052.2,6033.7,-0.3%
# check,aes256gcm,ch_cfg.cpu 0x3,16384,rec_open = rec_open_without_aead + aead_open,5770.5,5759.3,-0.2%
aes256gcm,ch_cfg.cpu 0x3,refill,65536,1450.7,0.0221,45174.7,0.4,1443.5,1456.9
aes256gcm,ch_cfg.cpu 0x3,seal_aes_gcm,65536,21536.7,0.3286,3043.0,0.5,21476.9,21669.6
aes256gcm,ch_cfg.cpu 0x3,open_aes_gcm,65536,21545.8,0.3288,3041.7,0.5,21468.5,21667.1
aes256gcm,ch_cfg.cpu 0x3,aead_seal,65536,21182.0,0.3232,3093.9,0.6,21138.3,21328.4
aes256gcm,ch_cfg.cpu 0x3,aead_open,65536,21182.8,0.3232,3093.8,0.4,21142.6,21301.3
aes256gcm,ch_cfg.cpu 0x3,counter_mode_in_place,65536,10661.8,0.1627,6146.8,0.4,10625.6,10730.0
aes256gcm,ch_cfg.cpu 0x3,counter_mode_shifted,65536,10586.9,0.1615,6190.3,0.2,10530.9,10655.7
aes256gcm,ch_cfg.cpu 0x3,counter_blocks_in_place,65536,10640.0,0.1624,6159.4,0.6,10617.4,10734.1
aes256gcm,ch_cfg.cpu 0x3,counter_blocks_shifted,65536,10566.7,0.1612,6202.1,0.3,10493.0,10640.3
aes256gcm,ch_cfg.cpu 0x3,seal_passes,65536,21049.0,0.3212,3113.5,0.1,21018.1,21205.0
aes256gcm,ch_cfg.cpu 0x3,open_passes,65536,21023.6,0.3208,3117.3,0.4,20972.4,21136.9
aes256gcm,ch_cfg.cpu 0x3,compute_tag,65536,10076.9,0.1538,6503.6,0.2,10070.0,10151.5
aes256gcm,ch_cfg.cpu 0x3,ghash_data,65536,10008.8,0.1527,6547.9,0.1,9999.7,10086.0
aes256gcm,ch_cfg.cpu 0x3,counter_mode_tail_in_place,65536,20.2,0.0003,3243854.6,266.9,,
aes256gcm,ch_cfg.cpu 0x3,counter_mode_tail_shifted,65536,20.0,0.0003,3283212.5,262.3,,
# check,aes256gcm,ch_cfg.cpu 0x3,65536,seal_aes_gcm = key_expansion + aead_seal + key_wipe,21536.7,21520.7,-0.1%
# check,aes256gcm,ch_cfg.cpu 0x3,65536,open_aes_gcm = key_expansion + aead_open + key_wipe,21545.8,21521.5,-0.1%
# check,aes256gcm,ch_cfg.cpu 0x3,65536,aead_seal = seal_passes + compute_tag_fixed,21182.0,21126.0,-0.3%
# check,aes256gcm,ch_cfg.cpu 0x3,65536,aead_open = open_passes + compute_tag_fixed,21182.8,21100.6,-0.4%
# check,aes256gcm,ch_cfg.cpu 0x3,65536,compute_tag = ghash_data + compute_tag_fixed,10076.9,10085.8,+0.1%
chacha20poly1305,ch_cfg.cpu 0x3,rec_seal,1024,5225.9,5.1034,195.9,0.4,5200.8,5265.7
chacha20poly1305,ch_cfg.cpu 0x3,refill,1024,15.3,0.0149,67115.8,0.1,15.2,15.4
chacha20poly1305,ch_cfg.cpu 0x3,rec_open,1024,5209.7,5.0876,196.6,0.2,5195.6,5251.6
chacha20poly1305,ch_cfg.cpu 0x3,rec_seal_without_aead,1024,19.4,0.0189,52913.0,0.4,19.2,19.5
chacha20poly1305,ch_cfg.cpu 0x3,rec_open_without_aead,1024,10.3,0.0100,99843.7,0.5,10.2,10.4
chacha20poly1305,ch_cfg.cpu 0x3,aead_seal,1024,5206.4,5.0843,196.7,0.5,5187.2,5240.6
chacha20poly1305,ch_cfg.cpu 0x3,aead_open,1024,5195.2,5.0734,197.1,0.2,5188.1,5229.2
chacha20poly1305,ch_cfg.cpu 0x3,chacha20_xor_in_place,1024,1063.4,1.0385,962.9,0.0,1060.9,1071.8
chacha20poly1305,ch_cfg.cpu 0x3,chacha20_xor_shifted,1024,1063.5,1.0386,962.8,0.2,1061.3,1070.5
chacha20poly1305,ch_cfg.cpu 0x3,chacha20_blocks,1024,952.4,0.9301,1075.2,0.3,950.4,954.5
chacha20poly1305,ch_cfg.cpu 0x3,mac,1024,4115.4,4.0189,248.8,0.1,4111.1,4145.6
chacha20poly1305,ch_cfg.cpu 0x3,poly1305_data,1024,3713.8,3.6268,275.7,0.1,3711.1,3741.6
chacha20poly1305,ch_cfg.cpu 0x3,mac_fixed,0,286.6,,,0.5,285.5,291.2
chacha20poly1305,ch_cfg.cpu 0x3,xor_rest_in_place,1024,111.0,0.1084,9224.9,2.2,,
chacha20poly1305,ch_cfg.cpu 0x3,xor_rest_shifted,1024,111.8,0.1092,9159.6,2.2,,
chacha20poly1305,ch_cfg.cpu 0x3,aead_seal_data,1024,4920.1,4.8048,208.1,0.6,,
chacha20poly1305,ch_cfg.cpu 0x3,aead_open_data,1024,4908.9,4.7939,208.6,0.2,,
# check,chacha20poly1305,ch_cfg.cpu 0x3,1024,aead_seal = chacha20_xor_in_place + poly1305_data + mac_fixed,5206.4,5063.9,-2.7%
# check,chacha20poly1305,ch_cfg.cpu 0x3,1024,aead_open = chacha20_xor_shifted + poly1305_data + mac_fixed,5195.2,5064.0,-2.5%
# check,chacha20poly1305,ch_cfg.cpu 0x3,1024,mac = poly1305_data + mac_fixed,4115.4,4000.5,-2.8%
# check,chacha20poly1305,ch_cfg.cpu 0x3,1024,rec_seal = rec_seal_without_aead + aead_seal,5225.9,5225.7,-0.0%
# check,chacha20poly1305,ch_cfg.cpu 0x3,1024,rec_open = rec_open_without_aead + aead_open,5209.7,5205.5,-0.1%
chacha20poly1305,ch_cfg.cpu 0x3,rec_seal,16384,73839.7,4.5068,221.9,0.2,73750.1,74367.5
chacha20poly1305,ch_cfg.cpu 0x3,refill,16384,253.4,0.0155,64666.0,0.0,253.3,254.3
chacha20poly1305,ch_cfg.cpu 0x3,rec_open,16384,73441.0,4.4825,223.1,0.2,73409.1,73967.6
chacha20poly1305,ch_cfg.cpu 0x3,rec_seal_without_aead,16384,257.4,0.0157,63640.0,0.1,257.4,258.5
chacha20poly1305,ch_cfg.cpu 0x3,rec_open_without_aead,16384,10.3,0.0006,1597523.4,0.6,10.2,10.3
chacha20poly1305,ch_cfg.cpu 0x3,aead_seal,16384,73537.2,4.4884,222.8,0.2,73421.4,74011.8
chacha20poly1305,ch_cfg.cpu 0x3,aead_open,16384,73452.9,4.4832,223.1,0.1,73403.4,73981.3
chacha20poly1305,ch_cfg.cpu 0x3,chacha20_xor_in_place,16384,13906.8,0.8488,1178.1,0.1,13838.8,13933.6
chacha20poly1305,ch_cfg.cpu 0x3,chacha20_xor_shifted,16384,13891.3,0.8479,1179.4,0.1,13829.5,13914.9
chacha20poly1305,ch_cfg.cpu 0x3,chacha20_blocks,16384,12205.0,0.7449,1342.4,0.3,12145.2,12231.2
chacha20poly1305,ch_cfg.cpu 0x3,mac,16384,59692.9,3.6434,274.5,0.2,59636.9,59976.9
chacha20poly1305,ch_cfg.cpu 0x3,poly1305_data,16384,59278.7,3.6181,276.4,0.2,59231.5,59692.9
chacha20poly1305,ch_cfg.cpu 0x3,xor_rest_in_place,16384,1707.5,0.1042,9595.4,2.4,,
chacha20poly1305,ch_cfg.cpu 0x3,xor_rest_shifted,16384,1685.3,0.1029,9722.0,2.9,,
chacha20poly1305,ch_cfg.cpu 0x3,aead_seal_data,16384,73250.8,4.4709,223.7,0.2,,
chacha20poly1305,ch_cfg.cpu 0x3,aead_open_data,16384,73166.2,4.4657,223.9,0.1,,
# check,chacha20poly1305,ch_cfg.cpu 0x3,16384,aead_seal = chacha20_xor_in_place + poly1305_data + mac_fixed,73537.2,73472.2,-0.1%
# check,chacha20poly1305,ch_cfg.cpu 0x3,16384,aead_open = chacha20_xor_shifted + poly1305_data + mac_fixed,73452.9,73456.7,+0.0%
# check,chacha20poly1305,ch_cfg.cpu 0x3,16384,mac = poly1305_data + mac_fixed,59692.9,59565.4,-0.2%
# check,chacha20poly1305,ch_cfg.cpu 0x3,16384,rec_seal = rec_seal_without_aead + aead_seal,73839.7,73794.7,-0.1%
# check,chacha20poly1305,ch_cfg.cpu 0x3,16384,rec_open = rec_open_without_aead + aead_open,73441.0,73463.1,+0.0%
chacha20poly1305,ch_cfg.cpu 0x3,refill,65536,1450.3,0.0221,45189.3,0.6,1443.7,1456.2
chacha20poly1305,ch_cfg.cpu 0x3,aead_seal,65536,292606.0,4.4648,224.0,0.1,291937.0,294627.2
chacha20poly1305,ch_cfg.cpu 0x3,aead_open,65536,292123.1,4.4574,224.3,0.1,291854.8,294168.7
chacha20poly1305,ch_cfg.cpu 0x3,chacha20_xor_in_place,65536,55117.8,0.8410,1189.0,0.0,54872.4,55219.6
chacha20poly1305,ch_cfg.cpu 0x3,chacha20_xor_shifted,65536,55051.8,0.8400,1190.4,0.1,54801.0,55134.1
chacha20poly1305,ch_cfg.cpu 0x3,chacha20_blocks,65536,48229.7,0.7359,1358.8,0.3,47972.3,48330.5
chacha20poly1305,ch_cfg.cpu 0x3,mac,65536,237947.6,3.6308,275.4,0.2,237272.8,238619.0
chacha20poly1305,ch_cfg.cpu 0x3,poly1305_data,65536,237203.9,3.6194,276.3,0.0,236920.9,238302.0
chacha20poly1305,ch_cfg.cpu 0x3,xor_rest_in_place,65536,6898.5,0.1053,9500.1,1.9,,
chacha20poly1305,ch_cfg.cpu 0x3,xor_rest_shifted,65536,6838.4,0.1043,9583.6,2.0,,
chacha20poly1305,ch_cfg.cpu 0x3,aead_seal_data,65536,292319.1,4.4604,224.2,0.1,,
chacha20poly1305,ch_cfg.cpu 0x3,aead_open_data,65536,291836.1,4.4531,224.6,0.1,,
# check,chacha20poly1305,ch_cfg.cpu 0x3,65536,aead_seal = chacha20_xor_in_place + poly1305_data + mac_fixed,292606.0,292608.3,+0.0%
# check,chacha20poly1305,ch_cfg.cpu 0x3,65536,aead_open = chacha20_xor_shifted + poly1305_data + mac_fixed,292123.1,292542.3,+0.1%
# check,chacha20poly1305,ch_cfg.cpu 0x3,65536,mac = poly1305_data + mac_fixed,237947.6,237490.5,-0.2%
chacha20poly1305,ch_cfg.cpu 0x7,rec_seal,1024,1776.8,1.7352,576.3,0.1,1770.1,1782.6
chacha20poly1305,ch_cfg.cpu 0x7,refill,1024,15.2,0.0148,67441.6,0.1,15.1,15.3
chacha20poly1305,ch_cfg.cpu 0x7,rec_open,1024,1760.7,1.7194,581.6,0.1,1754.3,1763.8
chacha20poly1305,ch_cfg.cpu 0x7,rec_seal_without_aead,1024,19.2,0.0188,53316.9,0.5,19.1,19.3
chacha20poly1305,ch_cfg.cpu 0x7,rec_open_without_aead,1024,10.3,0.0100,99859.4,0.1,10.2,10.3
chacha20poly1305,ch_cfg.cpu 0x7,aead_seal,1024,1754.4,1.7133,583.7,0.1,1745.2,1757.4
chacha20poly1305,ch_cfg.cpu 0x7,aead_open,1024,1753.3,1.7122,584.1,0.1,1745.4,1756.2
chacha20poly1305,ch_cfg.cpu 0x7,chacha20_xor_in_place,1024,1065.3,1.0403,961.3,0.2,1062.3,1069.7
chacha20poly1305,ch_cfg.cpu 0x7,chacha20_xor_shifted,1024,1063.7,1.0388,962.6,0.1,1061.7,1069.3
chacha20poly1305,ch_cfg.cpu 0x7,chacha20_blocks,1024,952.0,0.9297,1075.7,0.2,950.5,954.2
chacha20poly1305,ch_cfg.cpu 0x7,mac,1024,671.0,0.6553,1526.1,0.3,669.2,675.1
chacha20poly1305,ch_cfg.cpu 0x7,poly1305_data,1024,417.6,0.4078,2452.4,0.2,415.6,419.1
chacha20poly1305,ch_cfg.cpu 0x7,mac_fixed,0,208.9,,,0.4,205.6,210.0
chacha20poly1305,ch_cfg.cpu 0x7,xor_rest_in_place,1024,113.1,0.1104,9054.9,1.6,,
chacha20poly1305,ch_cfg.cpu 0x7,xor_rest_shifted,1024,112.2,0.1096,9124.8,2.9,,
chacha20poly1305,ch_cfg.cpu 0x7,aead_seal_data,1024,1545.3,1.5090,662.7,0.1,,
chacha20poly1305,ch_cfg.cpu 0x7,aead_open_data,1024,1544.5,1.5083,663.0,0.2,,
# check,chacha20poly1305,ch_cfg.cpu 0x7,1024,aead_seal = chacha20_xor_in_place + poly1305_data + mac_fixed,1754.4,1691.7,-3.6%
# check,chacha20poly1305,ch_cfg.cpu 0x7,1024,aead_open = chacha20_xor_shifted + poly1305_data + mac_fixed,1753.3,1690.2,-3.6%
# check,chacha20poly1305,ch_cfg.cpu 0x7,1024,mac = poly1305_data + mac_fixed,671.0,626.5,-6.6%
# check,chacha20poly1305,ch_cfg.cpu 0x7,1024,rec_seal = rec_seal_without_aead + aead_seal,1776.8,1773.6,-0.2%
# check,chacha20poly1305,ch_cfg.cpu 0x7,1024,rec_open = rec_open_without_aead + aead_open,1760.7,1763.5,+0.2%
chacha20poly1305,ch_cfg.cpu 0x7,rec_seal,16384,19906.2,1.2150,823.1,0.0,19881.0,20043.2
chacha20poly1305,ch_cfg.cpu 0x7,refill,16384,253.4,0.0155,64654.1,0.0,253.3,254.8
chacha20poly1305,ch_cfg.cpu 0x7,rec_open,16384,19614.7,1.1972,835.3,0.2,19596.3,19754.2
chacha20poly1305,ch_cfg.cpu 0x7,rec_seal_without_aead,16384,257.5,0.0157,63626.7,0.1,257.3,259.4
chacha20poly1305,ch_cfg.cpu 0x7,rec_open_without_aead,16384,10.3,0.0006,1596772.7,0.6,10.2,10.3
chacha20poly1305,ch_cfg.cpu 0x7,aead_seal,16384,19707.7,1.2029,831.4,0.0,19692.7,19844.8
chacha20poly1305,ch_cfg.cpu 0x7,aead_open,16384,19606.1,1.1967,835.7,0.6,19590.9,19756.9
chacha20poly1305,ch_cfg.cpu 0x7,chacha20_xor_in_place,16384,13929.1,0.8502,1176.2,0.1,13864.1,13955.3
chacha20poly1305,ch_cfg.cpu 0x7,chacha20_xor_shifted,16384,13894.4,0.8480,1179.2,0.1,13827.8,13992.7
chacha20poly1305,ch_cfg.cpu 0x7,chacha20_blocks,16384,12208.2,0.7451,1342.1,0.1,12145.9,12234.8
chacha20poly1305,ch_cfg.cpu 0x7,mac,16384,5745.4,0.3507,2851.7,0.2,5722.9,5767.7
chacha20poly1305,ch_cfg.cpu 0x7,poly1305_data,16384,5490.6,0.3351,2984.0,0.4,5478.0,5520.8
chacha20poly1305,ch_cfg.cpu 0x7,xor_rest_in_place,16384,1723.4,0.1052,9506.5,0.6,,
chacha20poly1305,ch_cfg.cpu 0x7,xor_rest_shifted,16384,1686.3,0.1029,9716.1,1.0,,
chacha20poly1305,ch_cfg.cpu 0x7,aead_seal_data,16384,19498.8,1.1901,840.3,0.0,,
chacha20poly1305,ch_cfg.cpu 0x7,aead_open_data,16384,19397.4,1.1839,844.6,0.6,,
# check,chacha20poly1305,ch_cfg.cpu 0x7,16384,aead_seal = chacha20_xor_in_place + poly1305_data + mac_fixed,19707.7,19628.6,-0.4%
# check,chacha20poly1305,ch_cfg.cpu 0x7,16384,aead_open = chacha20_xor_shifted + poly1305_data + mac_fixed,19606.1,19593.9,-0.1%
# check,chacha20poly1305,ch_cfg.cpu 0x7,16384,mac = poly1305_data + mac_fixed,5745.4,5699.5,-0.8%
# check,chacha20poly1305,ch_cfg.cpu 0x7,16384,rec_seal = rec_seal_without_aead + aead_seal,19906.2,19965.2,+0.3%
# check,chacha20poly1305,ch_cfg.cpu 0x7,16384,rec_open = rec_open_without_aead + aead_open,19614.7,19616.4,+0.0%
chacha20poly1305,ch_cfg.cpu 0x7,refill,65536,1451.5,0.0221,45149.1,0.5,1443.9,1457.1
chacha20poly1305,ch_cfg.cpu 0x7,aead_seal,65536,77238.4,1.1786,848.5,0.1,77192.8,77793.3
chacha20poly1305,ch_cfg.cpu 0x7,aead_open,65536,76854.9,1.1727,852.7,0.2,76785.3,77381.4
chacha20poly1305,ch_cfg.cpu 0x7,chacha20_xor_in_place,65536,55211.1,0.8425,1187.0,0.1,54949.7,55504.8
chacha20poly1305,ch_cfg.cpu 0x7,chacha20_xor_shifted,65536,55105.3,0.8408,1189.3,0.1,54823.2,55197.3
chacha20poly1305,ch_cfg.cpu 0x7,chacha20_blocks,65536,48225.9,0.7359,1358.9,0.4,47970.1,48364.6
chacha20poly1305,ch_cfg.cpu 0x7,mac,65536,21923.1,0.3345,2989.4,0.2,21878.6,22053.8
chacha20poly1305,ch_cfg.cpu 0x7,poly1305_data,65536,21744.9,0.3318,3013.9,0.5,21691.1,21996.7
chacha20poly1305,ch_cfg.cpu 0x7,xor_rest_in_place,65536,6974.2,0.1064,9396.9,3.0,,
chacha20poly1305,ch_cfg.cpu 0x7,xor_rest_shifted,65536,6864.4,0.1047,9547.3,3.0,,
chacha20poly1305,ch_cfg.cpu 0x7,aead_seal_data,65536,77029.7,1.1754,850.8,0.1,,
chacha20poly1305,ch_cfg.cpu 0x7,aead_open_data,65536,76646.0,1.1695,855.0,0.2,,
# check,chacha20poly1305,ch_cfg.cpu 0x7,65536,aead_seal = chacha20_xor_in_place + poly1305_data + mac_fixed,77238.4,77165.0,-0.1%
# check,chacha20poly1305,ch_cfg.cpu 0x7,65536,aead_open = chacha20_xor_shifted + poly1305_data + mac_fixed,76854.9,77059.2,+0.3%
# check,chacha20poly1305,ch_cfg.cpu 0x7,65536,mac = poly1305_data + mac_fixed,21923.1,21953.8,+0.1%
aes128gcm,ch_cfg.cpu 0x1f,rec_seal,1024,602.1,0.5880,1700.7,0.4,596.9,607.1
aes128gcm,ch_cfg.cpu 0x1f,refill,1024,18.3,0.0179,55935.8,0.5,18.1,18.6
aes128gcm,ch_cfg.cpu 0x1f,rec_open,1024,582.0,0.5684,1759.4,0.3,579.2,586.4
aes128gcm,ch_cfg.cpu 0x1f,rec_seal_without_aead,1024,297.6,0.2906,3441.0,0.1,297.3,299.6
aes128gcm,ch_cfg.cpu 0x1f,rec_open_without_aead,1024,288.2,0.2814,3553.5,0.5,287.7,291.0
aes128gcm,ch_cfg.cpu 0x1f,key_expansion,0,257.1,,,0.1,256.6,257.7
aes128gcm,ch_cfg.cpu 0x1f,key_wipe,0,5.9,,,5.3,5.9,6.2
aes128gcm,ch_cfg.cpu 0x1f,seal_aes_gcm,1024,572.7,0.5592,1788.1,0.2,569.9,575.3
aes128gcm,ch_cfg.cpu 0x1f,open_aes_gcm,1024,586.0,0.5723,1747.4,0.2,579.7,591.2
aes128gcm,ch_cfg.cpu 0x1f,aead_seal,1024,304.7,0.2976,3360.5,0.3,302.9,307.8
aes128gcm,ch_cfg.cpu 0x1f,aead_open,1024,299.8,0.2927,3415.9,0.2,298.4,302.1
aes128gcm,ch_cfg.cpu 0x1f,counter_mode_in_place,1024,96.9,0.0946,10570.4,0.5,95.9,98.0
aes128gcm,ch_cfg.cpu 0x1f,counter_mode_shifted,1024,93.9,0.0917,10902.7,0.1,93.2,94.6
aes128gcm,ch_cfg.cpu 0x1f,counter_blocks_in_place,1024,72.9,0.0712,14049.9,1.3,71.9,74.6
aes128gcm,ch_cfg.cpu 0x1f,counter_blocks_shifted,1024,72.3,0.0706,14165.7,0.8,71.7,73.7
aes128gcm,ch_cfg.cpu 0x1f,seal_passes,1024,195.2,0.1907,5244.6,0.2,194.4,195.9
aes128gcm,ch_cfg.cpu 0x1f,open_passes,1024,204.5,0.1997,5007.7,0.2,203.5,205.1
aes128gcm,ch_cfg.cpu 0x1f,compute_tag,1024,275.3,0.2688,3720.2,0.1,274.9,277.2
aes128gcm,ch_cfg.cpu 0x1f,ghash_data,1024,207.6,0.2027,4932.2,0.1,206.6,208.2
aes128gcm,ch_cfg.cpu 0x1f,compute_tag_fixed,0,70.8,,,0.2,70.4,71.3
aes128gcm,ch_cfg.cpu 0x1f,counter_mode_tail_in_place,1024,23.8,0.0232,43108.5,3.8,,
aes128gcm,ch_cfg.cpu 0x1f,counter_mode_tail_shifted,1024,21.7,0.0211,47288.8,2.8,,
# check,aes128gcm,ch_cfg.cpu 0x1f,1024,seal_aes_gcm = key_expansion + aead_seal + key_wipe,572.7,567.7,-0.9%
# check,aes128gcm,ch_cfg.cpu 0x1f,1024,open_aes_gcm = key_expansion + aead_open + key_wipe,586.0,562.8,-4.0%
# check,aes128gcm,ch_cfg.cpu 0x1f,1024,aead_seal = seal_passes + compute_tag_fixed,304.7,266.1,-12.7%
# check,aes128gcm,ch_cfg.cpu 0x1f,1024,aead_open = open_passes + compute_tag_fixed,299.8,275.3,-8.2%
# check,aes128gcm,ch_cfg.cpu 0x1f,1024,compute_tag = ghash_data + compute_tag_fixed,275.3,278.4,+1.2%
# check,aes128gcm,ch_cfg.cpu 0x1f,1024,rec_seal = rec_seal_without_aead + aead_seal,602.1,602.3,+0.0%
# check,aes128gcm,ch_cfg.cpu 0x1f,1024,rec_open = rec_open_without_aead + aead_open,582.0,587.9,+1.0%
aes128gcm,ch_cfg.cpu 0x1f,rec_seal,16384,2953.6,0.1803,5547.2,0.4,2939.2,2960.8
aes128gcm,ch_cfg.cpu 0x1f,refill,16384,253.8,0.0155,64562.6,0.1,253.6,254.5
aes128gcm,ch_cfg.cpu 0x1f,rec_open,16384,2786.7,0.1701,5879.4,0.5,2770.3,2794.3
aes128gcm,ch_cfg.cpu 0x1f,rec_seal_without_aead,16384,529.6,0.0323,30935.6,0.1,529.4,533.4
aes128gcm,ch_cfg.cpu 0x1f,rec_open_without_aead,16384,288.6,0.0176,56773.5,0.7,287.6,290.7
aes128gcm,ch_cfg.cpu 0x1f,seal_aes_gcm,16384,2685.0,0.1639,6102.2,0.2,2682.2,2705.7
aes128gcm,ch_cfg.cpu 0x1f,open_aes_gcm,16384,2778.3,0.1696,5897.2,0.4,2762.3,2784.9
aes128gcm,ch_cfg.cpu 0x1f,aead_seal,16384,2418.2,0.1476,6775.3,0.2,2414.6,2437.6
aes128gcm,ch_cfg.cpu 0x1f,aead_open,16384,2497.7,0.1524,6559.7,0.6,2491.7,2514.0
aes128gcm,ch_cfg.cpu 0x1f,counter_mode_in_place,16384,1144.2,0.0698,14318.6,0.3,1137.9,1153.0
aes128gcm,ch_cfg.cpu 0x1f,counter_mode_shifted,16384,1134.6,0.0693,14439.7,0.8,1127.1,1151.8
aes128gcm,ch_cfg.cpu 0x1f,counter_blocks_in_place,16384,1120.0,0.0684,14628.6,0.4,1115.7,1129.6
aes128gcm,ch_cfg.cpu 0x1f,counter_blocks_shifted,16384,1122.6,0.0685,14595.3,0.3,1119.0,1131.5
aes128gcm,ch_cfg.cpu 0x1f,seal_passes,16384,2308.3,0.1409,7098.0,0.2,2304.8,2327.7
aes128gcm,ch_cfg.cpu 0x1f,open_passes,16384,2390.0,0.1459,6855.3,0.1,2388.4,2409.7
aes128gcm,ch_cfg.cpu 0x1f,compute_tag,16384,2607.9,0.1592,6282.5,0.4,2605.3,2627.2
aes128gcm,ch_cfg.cpu 0x1f,ghash_data,16384,2546.5,0.1554,6433.9,0.2,2543.1,2567.1
aes128gcm,ch_cfg.cpu 0x1f,counter_mode_tail_in_place,16384,23.0,0.0014,711079.8,25.9,,
aes128gcm,ch_cfg.cpu 0x1f,counter_mode_tail_shifted,16384,12.6,0.0008,1300156.2,67.7,,
# check,aes128gcm,ch_cfg.cpu 0x1f,16384,seal_aes_gcm = key_expansion + aead_seal + key_wipe,2685.0,2681.2,-0.1%
# check,aes128gcm,ch_cfg.cpu 0x1f,16384,open_aes_gcm = key_expansion + aead_open + key_wipe,2778.3,2760.7,-0.6%
# check,aes128gcm,ch_cfg.cpu 0x1f,16384,aead_seal = seal_passes + compute_tag_fixed,2418.2,2379.1,-1.6%
# check,aes128gcm,ch_cfg.cpu 0x1f,16384,aead_open = open_passes + compute_tag_fixed,2497.7,2460.8,-1.5%
# check,aes128gcm,ch_cfg.cpu 0x1f,16384,compute_tag = ghash_data + compute_tag_fixed,2607.9,2617.3,+0.4%
# check,aes128gcm,ch_cfg.cpu 0x1f,16384,rec_seal = rec_seal_without_aead + aead_seal,2953.6,2947.8,-0.2%
# check,aes128gcm,ch_cfg.cpu 0x1f,16384,rec_open = rec_open_without_aead + aead_open,2786.7,2786.3,-0.0%
aes128gcm,ch_cfg.cpu 0x1f,refill,65536,1446.8,0.0221,45297.5,0.2,1437.4,1455.6
aes128gcm,ch_cfg.cpu 0x1f,seal_aes_gcm,65536,9536.1,0.1455,6872.4,0.2,9494.0,9605.4
aes128gcm,ch_cfg.cpu 0x1f,open_aes_gcm,65536,9832.9,0.1500,6665.0,0.6,9807.1,9914.2
aes128gcm,ch_cfg.cpu 0x1f,aead_seal,65536,9263.3,0.1413,7074.8,0.2,9221.8,9317.9
aes128gcm,ch_cfg.cpu 0x1f,aead_open,65536,9571.1,0.1460,6847.2,0.4,9538.3,9629.0
aes128gcm,ch_cfg.cpu 0x1f,counter_mode_in_place,65536,4476.0,0.0683,14641.6,0.1,4467.4,4496.6
aes128gcm,ch_cfg.cpu 0x1f,counter_mode_shifted,65536,4495.5,0.0686,14578.1,0.1,4489.1,4523.8
aes128gcm,ch_cfg.cpu 0x1f,counter_blocks_in_place,65536,4460.8,0.0681,14691.5,0.1,4442.6,4489.7
aes128gcm,ch_cfg.cpu 0x1f,counter_blocks_shifted,65536,4478.7,0.0683,14632.9,0.2,4469.8,4509.9
aes128gcm,ch_cfg.cpu 0x1f,seal_passes,65536,9140.3,0.1395,7170.0,0.0,9132.5,9201.3
aes128gcm,ch_cfg.cpu 0x1f,open_passes,65536,9403.2,0.1435,6969.5,0.2,9394.1,9480.5
aes128gcm,ch_cfg.cpu 0x1f,compute_tag,65536,10071.1,0.1537,6507.4,0.1,10062.9,10156.8
aes128gcm,ch_cfg.cpu 0x1f,ghash_data,65536,10010.2,0.1527,6546.9,0.1,9999.8,10079.7
aes128gcm,ch_cfg.cpu 0x1f,counter_mode_tail_in_place,65536,14.1,0.0002,4652583.5,73.6,,
aes128gcm,ch_cfg.cpu 0x1f,counter_mode_tail_shifted,65536,15.1,0.0002,4349809.7,71.4,,
# check,aes128gcm,ch_cfg.cpu 0x1f,65536,seal_aes_gcm = key_expansion + aead_seal + key_wipe,9536.1,9526.3,-0.1%
# check,aes128gcm,ch_cfg.cpu 0x1f,65536,open_aes_gcm = key_expansion + aead_open + key_wipe,9832.9,9834.2,+0.0%
# check,aes128gcm,ch_cfg.cpu 0x1f,65536,aead_seal = seal_passes + compute_tag_fixed,9263.3,9211.1,-0.6%
# check,aes128gcm,ch_cfg.cpu 0x1f,65536,aead_open = open_passes + compute_tag_fixed,9571.1,9474.1,-1.0%
# check,aes128gcm,ch_cfg.cpu 0x1f,65536,compute_tag = ghash_data + compute_tag_fixed,10071.1,10081.0,+0.1%
aes256gcm,ch_cfg.cpu 0x1f,rec_seal,1024,692.2,0.6760,1479.3,1.2,683.0,695.5
aes256gcm,ch_cfg.cpu 0x1f,refill,1024,18.3,0.0178,56081.9,0.6,18.1,18.6
aes256gcm,ch_cfg.cpu 0x1f,rec_open,1024,682.6,0.6666,1500.2,0.5,680.0,687.2
aes256gcm,ch_cfg.cpu 0x1f,rec_seal_without_aead,1024,367.1,0.3585,2789.6,0.8,363.6,369.5
aes256gcm,ch_cfg.cpu 0x1f,rec_open_without_aead,1024,355.5,0.3471,2880.6,0.6,353.6,357.8
aes256gcm,ch_cfg.cpu 0x1f,key_expansion,0,337.1,,,0.9,334.2,341.2
aes256gcm,ch_cfg.cpu 0x1f,key_wipe,0,5.9,,,0.1,5.9,6.0
aes256gcm,ch_cfg.cpu 0x1f,seal_aes_gcm,1024,672.4,0.6566,1523.0,0.7,667.0,676.9
aes256gcm,ch_cfg.cpu 0x1f,open_aes_gcm,1024,675.3,0.6595,1516.3,0.7,672.0,679.7
aes256gcm,ch_cfg.cpu 0x1f,aead_seal,1024,334.8,0.3269,3058.6,0.6,333.2,337.6
aes256gcm,ch_cfg.cpu 0x1f,aead_open,1024,334.0,0.3262,3065.6,0.5,331.8,337.4
aes256gcm,ch_cfg.cpu 0x1f,counter_mode_in_place,1024,123.3,0.1204,8306.6,0.3,122.1,124.5
aes256gcm,ch_cfg.cpu 0x1f,counter_mode_shifted,1024,121.2,0.1183,8450.5,0.6,120.3,122.0
aes256gcm,ch_cfg.cpu 0x1f,counter_blocks_in_place,1024,92.1,0.0899,11120.4,0.4,91.5,93.4
aes256gcm,ch_cfg.cpu 0x1f,counter_blocks_shifted,1024,91.9,0.0897,11145.0,0.2,91.4,92.6
aes256gcm,ch_cfg.cpu 0x1f,seal_passes,1024,215.2,0.2101,4759.3,0.3,214.2,216.1
aes256gcm,ch_cfg.cpu 0x1f,open_passes,1024,225.6,0.2203,4539.1,0.2,224.7,226.1
aes256gcm,ch_cfg.cpu 0x1f,compute_tag,1024,281.6,0.2750,3635.9,0.2,281.0,283.5
aes256gcm,ch_cfg.cpu 0x1f,ghash_data,1024,207.8,0.2030,4927.2,0.2,206.7,208.3
aes256gcm,ch_cfg.cpu 0x1f,compute_tag_fixed,0,77.7,,,0.4,77.4,78.6
aes256gcm,ch_cfg.cpu 0x1f,counter_mode_tail_in_place,1024,31.3,0.0305,32749.6,1.6,,
aes256gcm,ch_cfg.cpu 0x1f,counter_mode_tail_shifted,1024,29.3,0.0286,34917.2,1.8,,
# check,aes256gcm,ch_cfg.cpu 0x1f,1024,seal_aes_gcm = key_expansion + aead_seal + key_wipe,672.4,677.8,+0.8%
# check,aes256gcm,ch_cfg.cpu 0x1f,1024,open_aes_gcm = key_expansion + aead_open + key_wipe,675.3,677.0,+0.3%
# check,aes256gcm,ch_cfg.cpu 0x1f,1024,aead_seal = seal_passes + compute_tag_fixed,334.8,292.9,-12.5%
# check,aes256gcm,ch_cfg.cpu 0x1f,1024,aead_open = open_passes + compute_tag_fixed,334.0,303.3,-9.2%
# check,aes256gcm,ch_cfg.cpu 0x1f,1024,compute_tag = ghash_data + compute_tag_fixed,281.6,285.5,+1.4%
# check,aes256gcm,ch_cfg.cpu 0x1f,1024,rec_seal = rec_seal_without_aead + aead_seal,692.2,701.9,+1.4%
# check,aes256gcm,ch_cfg.cpu 0x1f,1024,rec_open = rec_open_without_aead + aead_open,682.6,689.5,+1.0%
aes256gcm,ch_cfg.cpu 0x1f,rec_seal,16384,3353.0,0.2047,4886.4,0.2,3335.3,3364.9
aes256gcm,ch_cfg.cpu 0x1f,refill,16384,253.9,0.0155,64540.2,0.2,253.6,254.5
aes256gcm,ch_cfg.cpu 0x1f,rec_open,16384,3197.1,0.1951,5124.7,0.2,3180.7,3206.7
aes256gcm,ch_cfg.cpu 0x1f,rec_seal_without_aead,16384,612.8,0.0374,26736.4,0.3,611.8,617.0
aes256gcm,ch_cfg.cpu 0x1f,rec_open_without_aead,16384,354.9,0.0217,46160.0,0.6,353.5,357.0
aes256gcm,ch_cfg.cpu 0x1f,seal_aes_gcm,16384,3085.4,0.1883,5310.2,0.1,3070.3,3093.1
aes256gcm,ch_cfg.cpu 0x1f,open_aes_gcm,16384,3197.0,0.1951,5124.7,0.3,3180.6,3211.2
aes256gcm,ch_cfg.cpu 0x1f,aead_seal,16384,2745.5,0.1676,5967.6,0.3,2737.3,2758.9
aes256gcm,ch_cfg.cpu 0x1f,aead_open,16384,2854.2,0.1742,5740.4,0.1,2836.9,2862.2
aes256gcm,ch_cfg.cpu 0x1f,counter_mode_in_place,16384,1470.9,0.0898,11138.4,0.4,1465.1,1479.0
aes256gcm,ch_cfg.cpu 0x1f,counter_mode_shifted,16384,1455.1,0.0888,11259.7,0.8,1444.9,1471.5
aes256gcm,ch_cfg.cpu 0x1f,counter_blocks_in_place,16384,1443.5,0.0881,11350.0,0.3,1438.4,1452.3
aes256gcm,ch_cfg.cpu 0x1f,counter_blocks_shifted,16384,1444.8,0.0882,11340.2,0.6,1432.1,1456.7
aes256gcm,ch_cfg.cpu 0x1f,seal_passes,16384,2621.2,0.1600,6250.7,0.2,2618.7,2640.1
aes256gcm,ch_cfg.cpu 0x1f,open_passes,16384,2734.9,0.1669,5990.7,0.5,2720.4,2743.8
aes256gcm,ch_cfg.cpu 0x1f,compute_tag,16384,2614.9,0.1596,6265.7,0.6,2611.8,2630.1
aes256gcm,ch_cfg.cpu 0x1f,ghash_data,16384,2545.7,0.1554,6435.9,0.2,2542.2,2561.8
aes256gcm,ch_cfg.cpu 0x1f,counter_mode_tail_in_place,16384,27.0,0.0016,606529.6,18.3,,
aes256gcm,ch_cfg.cpu 0x1f,counter_mode_tail_shifted,16384,10.1,0.0006,1614901.9,144.7,,
# check,aes256gcm,ch_cfg.cpu 0x1f,16384,seal_aes_gcm = key_expansion + aead_seal + key_wipe,3085.4,3088.5,+0.1%
# check,aes256gcm,ch_cfg.cpu 0x1f,16384,open_aes_gcm = key_expansion + aead_open + key_wipe,3197.0,3197.2,+0.0%
# check,aes256gcm,ch_cfg.cpu 0x1f,16384,aead_seal = seal_passes + compute_tag_fixed,2745.5,2698.9,-1.7%
# check,aes256gcm,ch_cfg.cpu 0x1f,16384,aead_open = open_passes + compute_tag_fixed,2854.2,2812.6,-1.5%
# check,aes256gcm,ch_cfg.cpu 0x1f,16384,compute_tag = ghash_data + compute_tag_fixed,2614.9,2623.4,+0.3%
# check,aes256gcm,ch_cfg.cpu 0x1f,16384,rec_seal = rec_seal_without_aead + aead_seal,3353.0,3358.3,+0.2%
# check,aes256gcm,ch_cfg.cpu 0x1f,16384,rec_open = rec_open_without_aead + aead_open,3197.1,3209.1,+0.4%
aes256gcm,ch_cfg.cpu 0x1f,refill,65536,1447.3,0.0221,45281.9,0.3,1437.3,1456.5
aes256gcm,ch_cfg.cpu 0x1f,seal_aes_gcm,65536,10807.7,0.1649,6063.8,0.5,10777.2,10871.6
aes256gcm,ch_cfg.cpu 0x1f,open_aes_gcm,65536,11283.8,0.1722,5808.0,0.3,11214.5,11313.9
aes256gcm,ch_cfg.cpu 0x1f,aead_seal,65536,10468.2,0.1597,6260.5,0.3,10449.9,10543.0
aes256gcm,ch_cfg.cpu 0x1f,aead_open,65536,10947.3,0.1670,5986.5,0.1,10882.5,10978.4
aes256gcm,ch_cfg.cpu 0x1f,counter_mode_in_place,65536,5794.3,0.0884,11310.4,0.2,5772.5,5816.2
aes256gcm,ch_cfg.cpu 0x1f,counter_mode_shifted,65536,5776.2,0.0881,11345.8,0.4,5751.3,5796.0
aes256gcm,ch_cfg.cpu 0x1f,counter_blocks_in_place,65536,5760.6,0.0879,11376.7,0.3,5741.1,5792.1
aes256gcm,ch_cfg.cpu 0x1f,counter_blocks_shifted,65536,5752.4,0.0878,11392.7,0.3,5723.2,5782.2
aes256gcm,ch_cfg.cpu 0x1f,seal_passes,65536,10335.0,0.1577,6341.2,0.2,10315.9,10400.1
aes256gcm,ch_cfg.cpu 0x1f,open_passes,65536,10727.3,0.1637,6109.3,0.2,10718.4,10804.5
aes256gcm,ch_cfg.cpu 0x1f,compute_tag,65536,10082.9,0.1539,6499.7,0.4,10069.2,10147.8
aes256gcm,ch_cfg.cpu 0x1f,ghash_data,65536,10005.1,0.1527,6550.3,0.2,9999.2,10077.9
aes256gcm,ch_cfg.cpu 0x1f,counter_mode_tail_in_place,65536,33.8,0.0005,1940235.5,62.2,,
aes256gcm,ch_cfg.cpu 0x1f,counter_mode_tail_shifted,65536,19.6,0.0003,3348745.7,72.6,,
# check,aes256gcm,ch_cfg.cpu 0x1f,65536,seal_aes_gcm = key_expansion + aead_seal + key_wipe,10807.7,10811.2,+0.0%
# check,aes256gcm,ch_cfg.cpu 0x1f,65536,open_aes_gcm = key_expansion + aead_open + key_wipe,11283.8,11290.3,+0.1%
# check,aes256gcm,ch_cfg.cpu 0x1f,65536,aead_seal = seal_passes + compute_tag_fixed,10468.2,10412.7,-0.5%
# check,aes256gcm,ch_cfg.cpu 0x1f,65536,aead_open = open_passes + compute_tag_fixed,10947.3,10805.0,-1.3%
# check,aes256gcm,ch_cfg.cpu 0x1f,65536,compute_tag = ghash_data + compute_tag_fixed,10082.9,10082.8,-0.0%
chacha20poly1305,ch_cfg.cpu 0x1f,rec_seal,1024,1127.1,1.1007,908.5,0.1,1124.4,1134.6
chacha20poly1305,ch_cfg.cpu 0x1f,refill,1024,18.2,0.0178,56123.7,0.7,18.1,18.5
chacha20poly1305,ch_cfg.cpu 0x1f,rec_open,1024,1123.9,1.0976,911.1,0.2,1119.9,1134.4
chacha20poly1305,ch_cfg.cpu 0x1f,rec_seal_without_aead,1024,19.5,0.0190,52568.4,0.3,19.4,19.7
chacha20poly1305,ch_cfg.cpu 0x1f,rec_open_without_aead,1024,10.3,0.0100,99793.9,0.5,10.2,10.3
chacha20poly1305,ch_cfg.cpu 0x1f,aead_seal,1024,1110.7,1.0847,921.9,0.1,1107.8,1118.9
chacha20poly1305,ch_cfg.cpu 0x1f,aead_open,1024,1118.1,1.0919,915.8,0.3,1113.8,1125.9
chacha20poly1305,ch_cfg.cpu 0x1f,chacha20_xor_in_place,1024,566.9,0.5537,1806.2,0.2,566.4,570.9
chacha20poly1305,ch_cfg.cpu 0x1f,chacha20_xor_shifted,1024,566.8,0.5535,1806.5,0.2,566.5,570.9
chacha20poly1305,ch_cfg.cpu 0x1f,chacha20_blocks,1024,522.9,0.5106,1958.4,0.0,522.6,526.5
chacha20poly1305,ch_cfg.cpu 0x1f,mac,1024,527.7,0.5153,1940.4,0.3,525.1,532.4
chacha20poly1305,ch_cfg.cpu 0x1f,poly1305_data,1024,292.5,0.2856,3501.4,0.1,291.8,294.7
chacha20poly1305,ch_cfg.cpu 0x1f,mac_fixed,0,209.4,,,0.1,206.2,210.5
chacha20poly1305,ch_cfg.cpu 0x1f,xor_rest_in_place,1024,43.9,0.0429,23305.1,3.0,,
chacha20poly1305,ch_cfg.cpu 0x1f,xor_rest_shifted,1024,44.0,0.0430,23266.0,2.7,,
chacha20poly1305,ch_cfg.cpu 0x1f,aead_seal_data,1024,901.3,0.8802,1136.1,0.2,,
chacha20poly1305,ch_cfg.cpu 0x1f,aead_open_data,1024,908.7,0.8874,1126.9,0.4,,
# check,chacha20poly1305,ch_cfg.cpu 0x1f,1024,aead_seal = chacha20_xor_in_place + poly1305_data + mac_fixed,1110.7,1068.8,-3.8%
# check,chacha20poly1305,ch_cfg.cpu 0x1f,1024,aead_open = chacha20_xor_shifted + poly1305_data + mac_fixed,1118.1,1068.7,-4.4%
# check,chacha20poly1305,ch_cfg.cpu 0x1f,1024,mac = poly1305_data + mac_fixed,527.7,501.9,-4.9%
# check,chacha20poly1305,ch_cfg.cpu 0x1f,1024,rec_seal = rec_seal_without_aead + aead_seal,1127.1,1130.2,+0.3%
# check,chacha20poly1305,ch_cfg.cpu 0x1f,1024,rec_open = rec_open_without_aead + aead_open,1123.9,1128.4,+0.4%
chacha20poly1305,ch_cfg.cpu 0x1f,rec_seal,16384,9141.0,0.5579,1792.4,0.0,9131.9,9207.0
chacha20poly1305,ch_cfg.cpu 0x1f,refill,16384,253.8,0.0155,64562.0,0.1,253.7,254.7
chacha20poly1305,ch_cfg.cpu 0x1f,rec_open,16384,9024.1,0.5508,1815.6,0.1,9017.9,9082.3
chacha20poly1305,ch_cfg.cpu 0x1f,rec_seal_without_aead,16384,257.2,0.0157,63691.5,0.0,257.1,258.3
chacha20poly1305,ch_cfg.cpu 0x1f,rec_open_without_aead,16384,10.3,0.0006,1598178.5,0.3,10.2,10.3
chacha20poly1305,ch_cfg.cpu 0x1f,aead_seal,16384,8884.5,0.5423,1844.1,0.1,8877.3,8945.8
chacha20poly1305,ch_cfg.cpu 0x1f,aead_open,16384,9009.4,0.5499,1818.5,0.0,9000.6,9079.3
chacha20poly1305,ch_cfg.cpu 0x1f,chacha20_xor_in_place,16384,6295.8,0.3843,2602.4,0.1,6265.4,6310.8
chacha20poly1305,ch_cfg.cpu 0x1f,chacha20_xor_shifted,16384,6282.1,0.3834,2608.0,0.1,6249.3,6309.7
chacha20poly1305,ch_cfg.cpu 0x1f,chacha20_blocks,16384,5572.0,0.3401,2940.4,0.5,5558.9,5599.8
chacha20poly1305,ch_cfg.cpu 0x1f,mac,16384,2577.1,0.1573,6357.5,0.1,2571.7,2592.6
chacha20poly1305,ch_cfg.cpu 0x1f,poly1305_data,16384,2341.7,0.1429,6996.8,0.1,2338.4,2361.2
chacha20poly1305,ch_cfg.cpu 0x1f,xor_rest_in_place,16384,723.3,0.0441,22652.8,3.3,,
chacha20poly1305,ch_cfg.cpu 0x1f,xor_rest_shifted,16384,710.2,0.0433,23069.8,3.6,,
chacha20poly1305,ch_cfg.cpu 0x1f,aead_seal_data,16384,8675.3,0.5295,1888.6,0.1,,
chacha20poly1305,ch_cfg.cpu 0x1f,aead_open_data,16384,8800.2,0.5371,1861.8,0.0,,
# check,chacha20poly1305,ch_cfg.cpu 0x1f,16384,aead_seal = chacha20_xor_in_place + poly1305_data + mac_fixed,8884.5,8846.8,-0.4%
# check,chacha20poly1305,ch_cfg.cpu 0x1f,16384,aead_open = chacha20_xor_shifted + poly1305_data + mac_fixed,9009.4,8833.2,-2.0%
# check,chacha20poly1305,ch_cfg.cpu 0x1f,16384,mac = poly1305_data + mac_fixed,2577.1,2551.1,-1.0%
# check,chacha20poly1305,ch_cfg.cpu 0x1f,16384,rec_seal = rec_seal_without_aead + aead_seal,9141.0,9141.7,+0.0%
# check,chacha20poly1305,ch_cfg.cpu 0x1f,16384,rec_open = rec_open_without_aead + aead_open,9024.1,9019.7,-0.0%
chacha20poly1305,ch_cfg.cpu 0x1f,refill,65536,1450.2,0.0221,45189.9,0.6,1445.1,1459.1
chacha20poly1305,ch_cfg.cpu 0x1f,aead_seal,65536,33781.2,0.5155,1940.0,0.0,33759.2,34033.5
chacha20poly1305,ch_cfg.cpu 0x1f,aead_open,65536,34377.2,0.5246,1906.4,0.1,34327.6,34629.3
chacha20poly1305,ch_cfg.cpu 0x1f,chacha20_xor_in_place,65536,24670.4,0.3764,2656.5,0.0,24544.2,24724.2
chacha20poly1305,ch_cfg.cpu 0x1f,chacha20_xor_shifted,65536,24620.8,0.3757,2661.8,0.1,24486.9,24681.0
chacha20poly1305,ch_cfg.cpu 0x1f,chacha20_blocks,65536,21699.5,0.3311,3020.2,0.6,21669.5,21844.8
chacha20poly1305,ch_cfg.cpu 0x1f,mac,65536,9145.4,0.1395,7166.0,0.1,9138.2,9208.4
chacha20poly1305,ch_cfg.cpu 0x1f,poly1305_data,65536,8897.6,0.1358,7365.6,0.1,8890.1,8961.2
chacha20poly1305,ch_cfg.cpu 0x1f,xor_rest_in_place,65536,2970.9,0.0453,22059.6,4.2,,
chacha20poly1305,ch_cfg.cpu 0x1f,xor_rest_shifted,65536,2918.6,0.0445,22454.8,4.1,,
chacha20poly1305,ch_cfg.cpu 0x1f,aead_seal_data,65536,33571.7,0.5123,1952.1,0.0,,
chacha20poly1305,ch_cfg.cpu 0x1f,aead_open_data,65536,34168.0,0.5214,1918.0,0.1,,
# check,chacha20poly1305,ch_cfg.cpu 0x1f,65536,aead_seal = chacha20_xor_in_place + poly1305_data + mac_fixed,33781.2,33777.4,-0.0%
# check,chacha20poly1305,ch_cfg.cpu 0x1f,65536,aead_open = chacha20_xor_shifted + poly1305_data + mac_fixed,34377.2,33727.8,-1.9%
# check,chacha20poly1305,ch_cfg.cpu 0x1f,65536,mac = poly1305_data + mac_fixed,9145.4,9107.0,-0.4%
aes128gcm,OpenSSL 3.6.4,openssl_seal_aes_gcm,16384,4052.7,0.2474,4042.8,0.2,,
aes128gcm,OpenSSL 3.6.4,openssl_open_aes_gcm,16384,4117.3,0.2513,3979.3,0.1,,
aes256gcm,OpenSSL 3.6.4,openssl_seal_aes_gcm,16384,4361.8,0.2662,3756.2,0.2,,
aes256gcm,OpenSSL 3.6.4,openssl_open_aes_gcm,16384,4425.2,0.2701,3702.5,1.3,,
chacha20poly1305,OpenSSL 3.6.4,openssl_aead_seal_data,16384,7460.4,0.4553,2196.1,0.2,,
chacha20poly1305,OpenSSL 3.6.4,openssl_aead_open_data,16384,7475.5,0.4563,2191.7,0.0,,
