# Homebrew clang version 23.1.2 (LLVM_MAJOR=23, tools/toolchain.env); device -target mips-none-elf -mcpu=mips32r2 -Os; host arm64-apple-darwin25.6.0 -Os
module,mips_text_B,mips_rodata_B,mips_flash_B,mips_max_frame_B,mips_max_frame_fn,host_flash_B,host_max_frame_B
ct,100,0,100,0,ct_wipe,76,0
sha256,1388,256,1644,288,compress,1660,336
hkdf,1356,258,1614,280,hmac_sha256,1534,320
chacha20,1108,0,1108,160,chacha20_xor,1004,208
poly1305,4544,41,4585,344,blocks,2437,336
aead,708,16,724,216,mac,792,240
x25519,3084,192,3276,1280,clamp_and_ladder,2596,1328
rsa,844,8,852,1000,rsa_pss_verify,712,1040
rsa_mont,1436,0,1436,2360,rsa_vp1,1308,2384
buf,1252,0,1252,32,wb_mark,1044,48
record,1156,19,1175,88,rec_open,1195,112
keysched,828,177,1005,96,ks_handshake,993,128
io,368,0,368,48,io_read_record,308,80
handshake_message,880,0,880,64,hs_build_client_hello,816,112
handshake_parser,1200,32,1232,88,hsp_parse_server_hello,1084,144
handshake_parser_ee,416,0,416,88,hsp_parse_encrypted_exts,308,128
handshake_record,1468,36,1504,184,hsr_restart_transcript,1312,208
session,376,0,376,64,tlsi_send_alert,352,48
handshake_auth,648,34,682,344,hsa_server_auth,570,400
handshake_flight,2012,201,2213,208,hsf_build_client_hello,2101,208
handshake,968,0,968,576,ch_handshake,892,640
handshake_post,1328,5,1333,168,hspost_read,1097,224
tls,1640,31,1671,96,ch_read,1335,96
tls_write,424,37,461,80,ch_write,357,80
# softmul: no function compiled for mips32r2 or the host, so -fstack-usage wrote no .su and its frame is 0
softmul,0,0,0,0,,0,0
# build: no function compiled for mips32r2 or the host, so -fstack-usage wrote no .su and its frame is 0
build,0,48,48,0,,48,0
total,29532,1391,30923,2360,rsa_vp1,25931,2384
total (CH_NATIVE_WIDEMUL),27220,1391,28611,2360,rsa_vp1,24467,2384
total (WIDEMUL=runtime),35116,1624,36740,2360,rsa_vp1,29668,2384
p256 (TRUST=raw-ecdsa),5624,264,5888,752,p256_ecdsa_verify,4832,800
