# bench/primitives.sh on Apple M1 Pro (arm64), Darwin 25.6.0, 2026-10-06, tree v0.2.0-30-g914adee9
# Apple clang version 21.0.0 (clang-2100.3.34.2); -std=c11 -O2 -Wall -Wextra -Wpedantic -Werror -Wvla -D_DEFAULT_SOURCE -DCH_RAND_DRBG -I. -Ibench -Itest -DCH_CPU_RUNTIME; primitives adds -DCH_RSA_MODULUS_MAX=512; handshake adds -DCH_ROLE_SERVER -DCH_ROLE_BOTH -DCH_TRANSPORT_TCP_NONBLOCKING -DBENCH_HANDSHAKE_PROGRAM, -DCH_PIN_ECDSA for the ecdsa rows, and -DCH_KEX_PQ for the _hybrid rows, whose client offers X25519MLKEM768 alone
# every timed program is a host object, and the build column is the ch_cfg.cpu value its rows run under: 0x1 is CH_CPU_PROBED alone, and 0xe7 is every bit this CPU has that an object reads: CH_CPU_PROBED, CH_CPU_CONSTANT_TIME_AES, CH_CPU_CONSTANT_TIME_MULTIPLY, CH_CPU_CONSTANT_TIME_SHA256, CH_CPU_CONSTANT_TIME_SHA512
# OpenSSL 3.6.5 rows: `/opt/homebrew/opt/openssl@3/bin/openssl speed -mr -seconds 1`, one second a run: sha256, sha384 and sha3_256 are -evp over -bytes; x25519_base and p256_ecdh_keygen are the key generations of X25519 and ECP-256, which draw their random bytes; x25519 and p256_ecdh are ecdhx25519 and ecdhp256; p256_sign, p256_ecdsa_verify and p384_ecdsa_verify are ecdsap256 and ecdsap384; the mlkem768 rows are ML-KEM-768; rsa_pkcs1_sign and rsa_pkcs1_verify are rsa2048 and rsa3072, which sign and verify with PKCS#1 v1.5 padding, where chapulin signs PSS
# load average (1, 5, 15 min) before: 5.98 5.83 10.51; after: 4.69 5.14 8.23
# run 1 of 5: 1-minute load average 5.98 at its start
# run 2 of 5: 1-minute load average 5.36 at its start
# run 3 of 5: 1-minute load average 5.63 at its start
# run 4 of 5: 1-minute load average 4.98 at its start
# run 5 of 5: 1-minute load average 5.02 at its start
# ns: nanoseconds of CPU time per byte (unit byte) or per operation (unit op), the median over 5 runs; a chapulin run's figure is the median of its samples, on the thread's CPU clock, and an OpenSSL run's is one second's operations over its user CPU time; per_second: 10^6 bytes, or operations, per second at that median; samples: the fewest one run took; iqr_pct: the largest 25th to 75th percentile spread inside one run, percent of its median; run_spread_pct: slowest run less fastest, percent of the median; instructions: retired per byte or per operation, the median over the runs, where the system counts them
primitive,build,unit,bytes,ns,per_second,samples,iqr_pct,run_spread_pct,instructions
sha256,ch_cfg.cpu 0x1,byte,64,11.3592,88.0,101,3.4,0.8,121.19
sha256,ch_cfg.cpu 0x1,byte,1024,5.0259,199.0,101,3.2,0.4,53.68
sha256,ch_cfg.cpu 0x1,byte,16384,4.6300,216.0,101,3.1,0.5,49.45
sha384,ch_cfg.cpu 0x1,byte,64,8.8172,113.4,101,3.0,0.5,77.18
sha384,ch_cfg.cpu 0x1,byte,1024,3.5380,282.6,101,3.1,0.7,36.11
sha384,ch_cfg.cpu 0x1,byte,16384,3.0736,325.4,101,4.6,1.7,31.92
sha512,ch_cfg.cpu 0x1,byte,64,9.3929,106.5,101,5.5,0.8,78.79
sha512,ch_cfg.cpu 0x1,byte,1024,3.5827,279.1,101,4.7,1.5,36.21
sha512,ch_cfg.cpu 0x1,byte,16384,3.0880,323.8,101,4.2,0.9,31.92
sha3_256,ch_cfg.cpu 0x1,byte,64,4.7034,212.6,101,5.0,1.6,66.44
sha3_256,ch_cfg.cpu 0x1,byte,1024,1.9594,510.4,101,5.5,0.8,30.54
sha3_256,ch_cfg.cpu 0x1,byte,16384,1.7943,557.3,101,3.9,0.8,28.51
shake128_squeeze,ch_cfg.cpu 0x1,byte,64,3.9290,254.5,101,4.8,1.8,63.67
shake128_squeeze,ch_cfg.cpu 0x1,byte,1024,1.6881,592.4,101,3.3,1.4,27.05
shake128_squeeze,ch_cfg.cpu 0x1,byte,16384,1.4443,692.4,101,3.4,0.8,23.57
shake256_squeeze,ch_cfg.cpu 0x1,byte,64,3.9336,254.2,101,4.3,0.7,63.67
shake256_squeeze,ch_cfg.cpu 0x1,byte,1024,1.9268,519.0,101,3.4,0.6,30.76
shake256_squeeze,ch_cfg.cpu 0x1,byte,16384,1.7800,561.8,101,2.8,1.0,28.92
hmac_sha256,ch_cfg.cpu 0x1,byte,64,26.7528,37.4,101,2.9,0.7,285.02
hmac_sha256,ch_cfg.cpu 0x1,byte,1024,5.9955,166.8,101,3.3,0.7,63.91
hmac_sha256,ch_cfg.cpu 0x1,byte,16384,4.6968,212.9,101,3.6,0.3,50.09
hkdf_expand_label,ch_cfg.cpu 0x1,op,32,1471.5171,679570.8,101,3.7,0.4,14768
chacha20,ch_cfg.cpu 0x1,byte,64,3.7335,267.8,101,3.9,0.8,43.92
chacha20,ch_cfg.cpu 0x1,byte,1200,0.6107,1637.5,101,3.7,0.7,7.37
chacha20,ch_cfg.cpu 0x1,byte,16384,0.4795,2085.5,101,3.6,1.2,5.84
drbg,ch_cfg.cpu 0x1,byte,32,3.6083,277.1,101,3.3,0.9,38.96
drbg,ch_cfg.cpu 0x1,byte,1024,1.6276,614.4,101,3.2,0.7,18.57
drbg,ch_cfg.cpu 0x1,byte,16384,1.5176,658.9,101,4.1,1.2,17.43
poly1305,ch_cfg.cpu 0x1,byte,64,2.3733,421.4,101,4.0,0.7,27.17
poly1305,ch_cfg.cpu 0x1,byte,1200,1.9710,507.4,101,4.7,0.5,21.16
poly1305,ch_cfg.cpu 0x1,byte,16384,1.9538,511.8,101,4.4,0.9,20.85
chacha20_poly1305_seal,ch_cfg.cpu 0x1,byte,64,8.9506,111.7,101,3.3,0.4,106.24
chacha20_poly1305_seal,ch_cfg.cpu 0x1,byte,1200,2.7370,365.4,101,3.6,1.7,30.41
chacha20_poly1305_seal,ch_cfg.cpu 0x1,byte,16384,2.4465,408.7,101,4.9,1.1,26.83
chacha20_poly1305_open,ch_cfg.cpu 0x1,byte,64,8.6117,116.1,101,4.7,0.8,106.17
chacha20_poly1305_open,ch_cfg.cpu 0x1,byte,1200,2.7001,370.4,101,2.9,1.1,30.40
chacha20_poly1305_open,ch_cfg.cpu 0x1,byte,16384,2.4418,409.5,101,3.6,1.0,26.83
p256_ecdsa_verify,ch_cfg.cpu 0x1,op,0,100631.5000,9937.2,101,3.4,0.8,1172814
p384_ecdsa_verify,ch_cfg.cpu 0x1,op,0,267640.6250,3736.4,101,5.5,1.8,3382818
rsa_pss_verify_2048,ch_cfg.cpu 0x1,op,0,41272.7812,24229.0,101,3.3,0.4,617371
rsa_pss_verify_3072,ch_cfg.cpu 0x1,op,0,88075.5000,11353.9,101,3.3,0.9,1330246
rsa_pss_verify_4096,ch_cfg.cpu 0x1,op,0,153005.2500,6535.7,101,3.4,1.0,2315064
rsa_pkcs1_verify_2048,ch_cfg.cpu 0x1,op,0,37616.5312,26584.1,101,3.9,0.3,580716
rsa_pkcs1_verify_3072,ch_cfg.cpu 0x1,op,0,82651.0312,12099.1,101,3.6,1.0,1277191
rsa_pkcs1_verify_4096,ch_cfg.cpu 0x1,op,0,146190.1250,6840.4,101,3.8,1.0,2245647
x25519,ch_cfg.cpu 0x1,op,0,897614.5000,1114.1,101,2.9,0.4,12724770
x25519_base,ch_cfg.cpu 0x1,op,0,897000.0000,1114.8,101,3.0,0.5,12724182
mlkem768_keygen,ch_cfg.cpu 0x1,op,0,23842.1250,41942.6,101,3.2,1.4,397005
mlkem768_encaps,ch_cfg.cpu 0x1,op,0,26912.4375,37157.5,101,3.1,1.1,441171
mlkem768_decaps,ch_cfg.cpu 0x1,op,0,29572.2656,33815.5,101,3.0,0.8,486050
p256_ecdh_keygen,ch_cfg.cpu 0x1,op,0,1161104.5000,861.2,101,3.2,0.5,15085906
p256_ecdh,ch_cfg.cpu 0x1,op,0,1165312.5000,858.1,101,4.7,1.1,15091923
p256_sign,ch_cfg.cpu 0x1,op,0,1265333.5000,790.3,101,4.4,1.0,16318604
rsa_pss_sign_2048,ch_cfg.cpu 0x1,op,0,55038333.0000,18.2,19,0.9,0.8,754125144
rsa_pss_sign_3072,ch_cfg.cpu 0x1,op,0,187931250.0000,5.3,11,0.6,0.7,2527110878
handshake_pinned_rsa2048,ch_cfg.cpu 0x1,op,0,58784292.0000,17.0,15,1.3,1.1,806566783
handshake_pinned_rsa2048_client_side,ch_cfg.cpu 0x1,op,0,1879167.0000,532.2,15,3.1,1.7,
handshake_pinned_rsa2048_server_side,ch_cfg.cpu 0x1,op,0,56951791.0000,17.6,15,1.3,1.2,
handshake_pinned_rsa3072,ch_cfg.cpu 0x1,op,0,191675458.0000,5.2,11,1.0,1.1,2580307651
handshake_pinned_rsa3072_client_side,ch_cfg.cpu 0x1,op,0,1924416.0000,519.6,11,3.2,1.5,
handshake_pinned_rsa3072_server_side,ch_cfg.cpu 0x1,op,0,189747334.0000,5.3,11,1.0,1.1,
handshake_pinned_ecdsa_p256,ch_cfg.cpu 0x1,op,0,5037042.0000,198.5,101,3.2,1.0,69277476
handshake_pinned_ecdsa_p256_client_side,ch_cfg.cpu 0x1,op,0,1929418.0000,518.3,101,2.9,0.8,
handshake_pinned_ecdsa_p256_server_side,ch_cfg.cpu 0x1,op,0,3101709.0000,322.4,101,3.2,1.0,
handshake_pinned_rsa2048_hybrid,ch_cfg.cpu 0x1,op,0,59091709.0000,16.9,15,1.3,1.7,808502357
handshake_pinned_rsa2048_hybrid_client_side,ch_cfg.cpu 0x1,op,0,2101292.0000,475.9,15,2.9,2.1,
handshake_pinned_rsa2048_hybrid_server_side,ch_cfg.cpu 0x1,op,0,57006459.0000,17.5,15,1.4,1.7,
handshake_pinned_rsa3072_hybrid,ch_cfg.cpu 0x1,op,0,192290667.0000,5.2,11,1.2,0.9,2582201902
handshake_pinned_rsa3072_hybrid_client_side,ch_cfg.cpu 0x1,op,0,2164916.0000,461.9,11,2.8,0.8,
handshake_pinned_rsa3072_hybrid_server_side,ch_cfg.cpu 0x1,op,0,190092791.0000,5.3,11,1.2,0.9,
handshake_pinned_ecdsa_p256_hybrid,ch_cfg.cpu 0x1,op,0,5191291.0000,192.6,101,2.8,0.3,71237708
handshake_pinned_ecdsa_p256_hybrid_client_side,ch_cfg.cpu 0x1,op,0,2034541.0000,491.5,101,3.0,0.6,
handshake_pinned_ecdsa_p256_hybrid_server_side,ch_cfg.cpu 0x1,op,0,3143791.0000,318.1,101,3.1,0.4,
sha256,ch_cfg.cpu 0xe7,byte,64,1.6476,606.9,101,2.9,1.0,13.45
sha256,ch_cfg.cpu 0xe7,byte,1024,0.4829,2070.8,101,3.5,1.4,2.34
sha256,ch_cfg.cpu 0xe7,byte,16384,0.4180,2392.3,101,4.4,0.4,1.64
sha384,ch_cfg.cpu 0xe7,byte,64,2.9896,334.5,101,3.2,1.1,20.44
sha384,ch_cfg.cpu 0xe7,byte,1024,0.8829,1132.6,101,2.9,0.6,5.52
sha384,ch_cfg.cpu 0xe7,byte,16384,0.7151,1398.4,101,3.2,0.9,4.29
sha512,ch_cfg.cpu 0xe7,byte,64,3.2906,303.9,101,3.0,0.5,20.16
sha512,ch_cfg.cpu 0xe7,byte,1024,0.9092,1099.9,101,2.9,0.6,5.50
sha512,ch_cfg.cpu 0xe7,byte,16384,0.7201,1388.7,101,3.1,0.7,4.29
sha3_256,ch_cfg.cpu 0xe7,byte,64,3.1193,320.6,101,3.3,0.7,37.18
sha3_256,ch_cfg.cpu 0xe7,byte,1024,1.2586,794.5,101,3.3,1.5,15.51
sha3_256,ch_cfg.cpu 0xe7,byte,16384,1.1375,879.1,101,3.4,1.5,14.20
shake128_squeeze,ch_cfg.cpu 0xe7,byte,64,2.5433,393.2,101,3.1,0.4,34.39
shake128_squeeze,ch_cfg.cpu 0xe7,byte,1024,1.0919,915.8,101,3.7,1.1,14.30
shake128_squeeze,ch_cfg.cpu 0xe7,byte,16384,0.9482,1054.6,101,3.8,1.2,12.42
shake256_squeeze,ch_cfg.cpu 0xe7,byte,64,2.5446,393.0,101,3.4,0.4,34.39
shake256_squeeze,ch_cfg.cpu 0xe7,byte,1024,1.2415,805.5,101,3.1,1.0,16.20
shake256_squeeze,ch_cfg.cpu 0xe7,byte,16384,1.1727,852.7,101,3.2,1.0,15.16
hmac_sha256,ch_cfg.cpu 0xe7,byte,64,3.0948,323.1,101,3.1,0.8,28.79
hmac_sha256,ch_cfg.cpu 0xe7,byte,1024,0.5768,1733.7,101,3.3,1.2,3.30
hmac_sha256,ch_cfg.cpu 0xe7,byte,16384,0.4248,2354.0,101,3.1,0.6,1.70
hkdf_expand_label,ch_cfg.cpu 0xe7,op,32,210.9477,4740511.5,101,3.2,1.1,2090
chacha20,ch_cfg.cpu 0xe7,byte,64,3.7196,268.8,101,3.1,1.1,43.91
chacha20,ch_cfg.cpu 0xe7,byte,1200,0.6125,1632.7,101,3.2,0.5,7.37
chacha20,ch_cfg.cpu 0xe7,byte,16384,0.4830,2070.4,101,3.8,0.2,5.84
drbg,ch_cfg.cpu 0xe7,byte,32,3.6011,277.7,101,3.0,0.9,38.96
drbg,ch_cfg.cpu 0xe7,byte,1024,1.6320,612.7,101,3.4,0.2,18.57
drbg,ch_cfg.cpu 0xe7,byte,16384,1.5266,655.1,101,3.2,0.8,17.43
poly1305,ch_cfg.cpu 0xe7,byte,64,1.0190,981.4,101,3.7,0.6,9.08
poly1305,ch_cfg.cpu 0xe7,byte,1200,0.2389,4185.9,101,3.6,0.5,2.65
poly1305,ch_cfg.cpu 0xe7,byte,16384,0.1607,6222.8,101,3.4,0.8,2.03
chacha20_poly1305_seal,ch_cfg.cpu 0xe7,byte,64,7.0316,142.2,101,3.4,0.4,77.86
chacha20_poly1305_seal,ch_cfg.cpu 0xe7,byte,1200,0.9653,1035.9,101,4.5,0.6,11.35
chacha20_poly1305_seal,ch_cfg.cpu 0xe7,byte,16384,0.6518,1534.2,101,3.4,1.7,7.97
chacha20_poly1305_open,ch_cfg.cpu 0xe7,byte,64,6.7596,147.9,101,2.7,1.5,77.79
chacha20_poly1305_open,ch_cfg.cpu 0xe7,byte,1200,0.9518,1050.6,101,3.3,0.3,11.34
chacha20_poly1305_open,ch_cfg.cpu 0xe7,byte,16384,0.6505,1537.3,101,3.2,0.4,7.97
p256_ecdsa_verify,ch_cfg.cpu 0xe7,op,0,100635.4375,9936.9,101,3.3,0.4,1172848
p384_ecdsa_verify,ch_cfg.cpu 0xe7,op,0,268838.5000,3719.7,101,5.5,1.1,3382961
rsa_pss_verify_2048,ch_cfg.cpu 0xe7,op,0,41180.3281,24283.4,101,3.1,0.7,617363
rsa_pss_verify_3072,ch_cfg.cpu 0xe7,op,0,88302.0625,11324.8,101,3.5,0.7,1330273
rsa_pss_verify_4096,ch_cfg.cpu 0xe7,op,0,153502.6250,6514.5,101,3.6,0.4,2315194
rsa_pkcs1_verify_2048,ch_cfg.cpu 0xe7,op,0,37631.5156,26573.5,101,3.6,0.5,580733
rsa_pkcs1_verify_3072,ch_cfg.cpu 0xe7,op,0,83066.4062,12038.6,101,3.5,1.1,1277233
rsa_pkcs1_verify_4096,ch_cfg.cpu 0xe7,op,0,146367.1875,6832.1,101,3.2,0.5,2245582
x25519,ch_cfg.cpu 0xe7,op,0,32961.5781,30338.4,101,3.4,0.1,372548
x25519_base,ch_cfg.cpu 0xe7,op,0,32976.5625,30324.6,101,3.6,0.3,372488
mlkem768_keygen,ch_cfg.cpu 0xe7,op,0,20411.1328,48992.9,101,5.4,0.7,316072
mlkem768_encaps,ch_cfg.cpu 0xe7,op,0,22337.5625,44767.6,101,3.3,1.2,340457
mlkem768_decaps,ch_cfg.cpu 0xe7,op,0,24533.8516,40760.0,101,3.4,1.3,379235
p256_ecdh_keygen,ch_cfg.cpu 0xe7,op,0,18860.0312,53022.2,101,3.4,1.2,232723
p256_ecdh,ch_cfg.cpu 0xe7,op,0,79048.1875,12650.5,101,4.3,1.4,917974
p256_sign,ch_cfg.cpu 0xe7,op,0,48708.3281,20530.4,101,3.9,0.8,533789
rsa_pss_sign_2048,ch_cfg.cpu 0xe7,op,0,1014416.5000,985.8,101,3.7,2.7,16905107
rsa_pss_sign_3072,ch_cfg.cpu 0xe7,op,0,3215541.0000,311.0,101,4.1,0.6,53059721
handshake_pinned_rsa2048,ch_cfg.cpu 0xe7,op,0,1198958.0000,834.1,101,5.1,0.2,19219950
handshake_pinned_rsa2048_client_side,ch_cfg.cpu 0xe7,op,0,116209.0000,8605.2,101,5.1,0.5,
handshake_pinned_rsa2048_server_side,ch_cfg.cpu 0xe7,op,0,1080792.0000,925.2,101,5.2,0.1,
handshake_pinned_rsa3072,ch_cfg.cpu 0xe7,op,0,3458208.0000,289.2,101,3.2,1.6,56073028
handshake_pinned_rsa3072_client_side,ch_cfg.cpu 0xe7,op,0,166500.0000,6006.0,101,5.5,2.8,
handshake_pinned_rsa3072_server_side,ch_cfg.cpu 0xe7,op,0,3286707.0000,304.3,101,3.5,1.5,
handshake_pinned_ecdsa_p256,ch_cfg.cpu 0xe7,op,0,300084.0000,3332.4,101,3.9,3.0,3411296
handshake_pinned_ecdsa_p256_client_side,ch_cfg.cpu 0xe7,op,0,174333.0000,5736.1,101,3.3,3.0,
handshake_pinned_ecdsa_p256_server_side,ch_cfg.cpu 0xe7,op,0,124457.0000,8034.9,101,5.8,2.9,
handshake_pinned_rsa2048_hybrid,ch_cfg.cpu 0xe7,op,0,1311041.0000,762.8,101,5.8,3.7,20620027
handshake_pinned_rsa2048_hybrid_client_side,ch_cfg.cpu 0xe7,op,0,191251.0000,5228.7,101,7.8,3.8,
handshake_pinned_rsa2048_hybrid_server_side,ch_cfg.cpu 0xe7,op,0,1117791.0000,894.6,101,5.3,3.7,
handshake_pinned_rsa3072_hybrid,ch_cfg.cpu 0xe7,op,0,3580042.0000,279.3,101,5.0,0.4,57488253
handshake_pinned_rsa3072_hybrid_client_side,ch_cfg.cpu 0xe7,op,0,243958.0000,4099.1,101,6.7,2.0,
handshake_pinned_rsa3072_hybrid_server_side,ch_cfg.cpu 0xe7,op,0,3334749.0000,299.9,101,4.9,0.4,
handshake_pinned_ecdsa_p256_hybrid,ch_cfg.cpu 0xe7,op,0,394292.0000,2536.2,101,6.3,5.3,4785132
handshake_pinned_ecdsa_p256_hybrid_client_side,ch_cfg.cpu 0xe7,op,0,245167.0000,4078.9,101,6.2,5.4,
handshake_pinned_ecdsa_p256_hybrid_server_side,ch_cfg.cpu 0xe7,op,0,147791.0000,6766.3,101,6.1,5.6,
sha256,OpenSSL 3.6.5,byte,64,2.3250,430.1,,,2.1,
sha384,OpenSSL 3.6.5,byte,64,2.8880,346.3,,,1.2,
sha3_256,OpenSSL 3.6.5,byte,64,5.2911,189.0,,,3.9,
sha256,OpenSSL 3.6.5,byte,16384,0.4158,2405.0,,,2.1,
sha384,OpenSSL 3.6.5,byte,16384,0.7083,1411.8,,,1.8,
sha3_256,OpenSSL 3.6.5,byte,16384,1.1226,890.8,,,2.0,
x25519_base,OpenSSL 3.6.5,op,0,30573.5600,32708.0,,,1.6,
x25519,OpenSSL 3.6.5,op,0,29938.3270,33402.0,,,1.5,
p256_ecdh_keygen,OpenSSL 3.6.5,op,0,9371.1051,106711.0,,,1.4,
p256_ecdh,OpenSSL 3.6.5,op,0,40293.0403,24818.2,,,1.5,
p256_sign,OpenSSL 3.6.5,op,0,17608.7339,56790.0,,,1.2,
p256_ecdsa_verify,OpenSSL 3.6.5,op,0,53254.4379,18777.8,,,0.8,
p384_ecdsa_verify,OpenSSL 3.6.5,op,0,304709.1413,3281.8,,,1.0,
rsa_pkcs1_sign_2048,OpenSSL 3.6.5,op,0,543478.2609,1840.0,,,0.5,
rsa_pkcs1_verify_2048,OpenSSL 3.6.5,op,0,13962.1471,71622.2,,,1.3,
rsa_pkcs1_sign_3072,OpenSSL 3.6.5,op,0,1582278.4810,632.0,,,0.5,
rsa_pkcs1_verify_3072,OpenSSL 3.6.5,op,0,29987.7050,33347.0,,,1.6,
mlkem768_keygen,OpenSSL 3.6.5,op,0,34899.7074,28653.5,,,1.4,
mlkem768_encaps,OpenSSL 3.6.5,op,0,23216.9391,43072.0,,,1.3,
mlkem768_decaps,OpenSSL 3.6.5,op,0,36322.6908,27531.0,,,0.4,
