# riscv32-linux-gcc.br_real (Buildroot 2021.11-18033-g83947c7bb6) 14.3.0; -march=rv32imac -mabi=ilp32 -Os; qemu-riscv32 user mode; native_insns adds -DCH_NATIVE_WIDEMUL
op,insns,native_insns,stack_high_water_bytes
sha256_1kib,89702,89702,560
hkdf_expand_label_32b,28162,28162,1024
aead_seal_1kib,106933,64285,432
x25519_scalarmult,51416123,21664185,1716
p256_ecdsa_verify,42627238,42627238,1512
rsa_pss_verify_3072,13224140,13224140,3800
mlkem_keygen,3578304,3578304,6584
mlkem_decaps,4060436,4013710,11640
handshake_crypto,116959573,57455449,4840
handshake_crypto_pq,128310220,68759370,14776
