# bench/primitives.sh on INTEL(R) XEON(R) PLATINUM 8573C (x86_64), Linux 6.17.0-1022-azure, 2026-10-09, tree d699bec-dirty
# Ubuntu clang version 23.1.2 (++20260919103626+4b1925210476-1~exp1~20260919223755.77); -std=c11 -O2 -Wall -Wextra -Wpedantic -Werror -Wvla -D_DEFAULT_SOURCE -DCH_RAND_DRBG -I. -Ibench -Itest -DCH_CPU_RUNTIME; primitives adds -DCH_RSA_MODULUS_MAX=512; handshake adds -DCH_ROLE_SERVER -DCH_ROLE_BOTH -DCH_TRANSPORT_TCP_NONBLOCKING -DBENCH_HANDSHAKE_PROGRAM, -DCH_PIN_ECDSA for the ecdsa rows, and -DCH_KEX_PQ for the _hybrid rows, whose client offers X25519MLKEM768 alone
# every timed program is a host object, and the build column is the ch_cfg.cpu value its rows run under: 0x1 is CH_CPU_PROBED alone, and 0x13f is every bit this CPU has that an object reads: CH_CPU_PROBED, CH_CPU_CONSTANT_TIME_AES, CH_CPU_CONSTANT_TIME_MULTIPLY, CH_CPU_AVX2, CH_CPU_VAES, CH_CPU_CONSTANT_TIME_SHA256, CH_CPU_AVX512_IFMA
# OpenSSL 3.6.4 rows: `openssl speed -mr -seconds 1`, one second a run: sha256, sha384 and sha3_256 are -evp over -bytes; x25519_base and p256_ecdh_keygen are the key generations of X25519 and ECP-256, which draw their random bytes; x25519 and p256_ecdh are ecdhx25519 and ecdhp256; p256_sign, p256_ecdsa_verify and p384_ecdsa_verify are ecdsap256 and ecdsap384; the mlkem768 rows are ML-KEM-768; rsa_pkcs1_sign and rsa_pkcs1_verify are rsa2048 and rsa3072, which sign and verify with PKCS#1 v1.5 padding, where chapulin signs PSS
# load average (1, 5, 15 min) before: 1.00 0.95 0.61; after: 1.00 1.00 0.78
# run 1 of 5: 1-minute load average 1.00 at its start
# run 2 of 5: 1-minute load average 1.00 at its start
# run 3 of 5: 1-minute load average 1.00 at its start
# run 4 of 5: 1-minute load average 1.00 at its start
# run 5 of 5: 1-minute load average 1.00 at its start
# ns: nanoseconds of CPU time per byte (unit byte) or per operation (unit op), the median over 5 runs; a chapulin run's figure is the median of its samples, on the thread's CPU clock, and an OpenSSL run's is one second's operations over its user CPU time; per_second: 10^6 bytes, or operations, per second at that median; samples: the fewest one run took; iqr_pct: the largest 25th to 75th percentile spread inside one run, percent of its median; run_spread_pct: slowest run less fastest, percent of the median; instructions: retired per byte or per operation, the median over the runs, where the system counts them
primitive,build,unit,bytes,ns,per_second,samples,iqr_pct,run_spread_pct,instructions
sha256,ch_cfg.cpu 0x1,byte,64,8.6259,115.9,101,10.6,3.5,
sha256,ch_cfg.cpu 0x1,byte,1024,3.7838,264.3,101,10.1,10.5,
sha256,ch_cfg.cpu 0x1,byte,16384,3.5077,285.1,101,9.5,9.4,
sha384,ch_cfg.cpu 0x1,byte,64,7.4789,133.7,101,9.7,11.7,
sha384,ch_cfg.cpu 0x1,byte,1024,2.6332,379.8,101,11.4,17.4,
sha384,ch_cfg.cpu 0x1,byte,16384,2.2507,444.3,101,11.0,13.3,
sha512,ch_cfg.cpu 0x1,byte,64,7.9429,125.9,101,10.1,11.3,
sha512,ch_cfg.cpu 0x1,byte,1024,2.6549,376.7,101,12.7,11.6,
sha512,ch_cfg.cpu 0x1,byte,16384,2.2475,444.9,101,10.5,3.1,
sha3_256,ch_cfg.cpu 0x1,byte,64,6.1840,161.7,101,8.9,6.3,
sha3_256,ch_cfg.cpu 0x1,byte,1024,2.6894,371.8,101,10.5,4.5,
sha3_256,ch_cfg.cpu 0x1,byte,16384,2.4612,406.3,101,10.0,4.9,
shake128_squeeze,ch_cfg.cpu 0x1,byte,64,5.2916,189.0,101,8.7,2.8,
shake128_squeeze,ch_cfg.cpu 0x1,byte,1024,2.2543,443.6,101,11.5,1.1,
shake128_squeeze,ch_cfg.cpu 0x1,byte,16384,1.9586,510.6,101,9.6,3.5,
shake256_squeeze,ch_cfg.cpu 0x1,byte,64,5.2922,189.0,101,9.0,3.2,
shake256_squeeze,ch_cfg.cpu 0x1,byte,1024,2.5717,388.8,101,9.2,3.7,
shake256_squeeze,ch_cfg.cpu 0x1,byte,16384,2.4789,403.4,101,9.5,6.5,
hmac_sha256,ch_cfg.cpu 0x1,byte,64,22.2256,45.0,101,10.2,11.8,
hmac_sha256,ch_cfg.cpu 0x1,byte,1024,4.6385,215.6,101,10.0,9.0,
hmac_sha256,ch_cfg.cpu 0x1,byte,16384,3.5983,277.9,101,8.8,4.6,
hkdf_expand_label,ch_cfg.cpu 0x1,op,32,1155.7446,865243.1,101,10.1,3.7,
chacha20,ch_cfg.cpu 0x1,byte,64,3.4166,292.7,101,10.0,6.5,
chacha20,ch_cfg.cpu 0x1,byte,1200,0.9387,1065.3,101,13.6,9.3,
chacha20,ch_cfg.cpu 0x1,byte,16384,0.8484,1178.7,101,9.6,10.8,
drbg,ch_cfg.cpu 0x1,byte,32,3.5050,285.3,101,9.2,8.6,
drbg,ch_cfg.cpu 0x1,byte,1024,1.6938,590.4,101,13.2,8.5,
drbg,ch_cfg.cpu 0x1,byte,16384,1.5855,630.7,101,8.9,10.7,
poly1305,ch_cfg.cpu 0x1,byte,64,3.6508,273.9,101,8.7,16.4,
poly1305,ch_cfg.cpu 0x1,byte,1200,2.9678,336.9,101,10.7,11.3,
poly1305,ch_cfg.cpu 0x1,byte,16384,2.8831,346.8,101,12.6,7.5,
chacha20_poly1305_seal,ch_cfg.cpu 0x1,byte,64,10.1475,98.5,101,9.5,5.8,
chacha20_poly1305_seal,ch_cfg.cpu 0x1,byte,1200,3.9755,251.5,101,8.7,9.4,
chacha20_poly1305_seal,ch_cfg.cpu 0x1,byte,16384,3.9047,256.1,101,8.1,8.1,
chacha20_poly1305_open,ch_cfg.cpu 0x1,byte,64,10.3786,96.4,101,9.1,7.8,
chacha20_poly1305_open,ch_cfg.cpu 0x1,byte,1200,4.0622,246.2,101,9.3,8.5,
chacha20_poly1305_open,ch_cfg.cpu 0x1,byte,16384,3.7273,268.3,101,7.8,8.9,
p256_ecdsa_verify,ch_cfg.cpu 0x1,op,0,61133.0469,16357.8,101,14.3,8.0,
p384_ecdsa_verify,ch_cfg.cpu 0x1,op,0,277157.0000,3608.1,101,9.4,10.5,
rsa_pss_verify_2048,ch_cfg.cpu 0x1,op,0,25285.9766,39547.6,101,11.5,14.7,
rsa_pss_verify_3072,ch_cfg.cpu 0x1,op,0,50807.0625,19682.3,101,8.4,8.4,
rsa_pss_verify_4096,ch_cfg.cpu 0x1,op,0,96677.6562,10343.7,101,8.6,7.1,
rsa_pkcs1_verify_2048,ch_cfg.cpu 0x1,op,0,23058.1016,43368.7,101,10.0,8.5,
rsa_pkcs1_verify_3072,ch_cfg.cpu 0x1,op,0,50328.2656,19869.6,101,9.7,10.7,
rsa_pkcs1_verify_4096,ch_cfg.cpu 0x1,op,0,90203.3750,11086.1,101,10.9,7.5,
x25519,ch_cfg.cpu 0x1,op,0,1798638.0000,556.0,101,9.6,8.7,
x25519_base,ch_cfg.cpu 0x1,op,0,1797004.0000,556.5,101,10.5,12.5,
mlkem768_keygen,ch_cfg.cpu 0x1,op,0,20783.8828,48114.2,101,9.5,10.2,
mlkem768_encaps,ch_cfg.cpu 0x1,op,0,23223.3828,43060.0,101,11.4,7.4,
mlkem768_decaps,ch_cfg.cpu 0x1,op,0,25227.5156,39639.3,101,8.9,9.6,
p256_ecdh_keygen,ch_cfg.cpu 0x1,op,0,1321576.0000,756.7,101,9.5,10.5,
p256_ecdh,ch_cfg.cpu 0x1,op,0,1332826.5000,750.3,101,9.2,10.1,
p256_sign,ch_cfg.cpu 0x1,op,0,1422102.5000,703.2,101,8.6,10.3,
rsa_pss_sign_2048,ch_cfg.cpu 0x1,op,0,61839342.0000,16.2,15,4.9,4.8,
rsa_pss_sign_3072,ch_cfg.cpu 0x1,op,0,209671165.0000,4.8,11,9.2,4.8,
handshake_pinned_rsa2048,ch_cfg.cpu 0x1,op,0,69460979.0000,14.4,13,7.1,4.0,
handshake_pinned_rsa2048_client_side,ch_cfg.cpu 0x1,op,0,3577828.0000,279.5,13,7.5,5.1,
handshake_pinned_rsa2048_server_side,ch_cfg.cpu 0x1,op,0,65872382.0000,15.2,13,7.2,4.0,
handshake_pinned_rsa3072,ch_cfg.cpu 0x1,op,0,220702488.0000,4.5,11,10.1,2.2,
handshake_pinned_rsa3072_client_side,ch_cfg.cpu 0x1,op,0,3633380.0000,275.2,11,11.9,3.8,
handshake_pinned_rsa3072_server_side,ch_cfg.cpu 0x1,op,0,217047505.0000,4.6,11,10.0,2.1,
handshake_pinned_ecdsa_p256,ch_cfg.cpu 0x1,op,0,8851519.0000,113.0,101,10.9,8.8,
handshake_pinned_ecdsa_p256_client_side,ch_cfg.cpu 0x1,op,0,3696331.0000,270.5,101,11.3,7.7,
handshake_pinned_ecdsa_p256_server_side,ch_cfg.cpu 0x1,op,0,5136221.0000,194.7,101,11.2,8.7,
handshake_pinned_rsa2048_hybrid,ch_cfg.cpu 0x1,op,0,70998643.0000,14.1,13,2.5,6.3,
handshake_pinned_rsa2048_hybrid_client_side,ch_cfg.cpu 0x1,op,0,3693307.0000,270.8,13,7.0,7.4,
handshake_pinned_rsa2048_hybrid_server_side,ch_cfg.cpu 0x1,op,0,67109151.0000,14.9,13,2.7,6.2,
handshake_pinned_rsa3072_hybrid,ch_cfg.cpu 0x1,op,0,225656550.0000,4.4,11,4.6,11.8,
handshake_pinned_rsa3072_hybrid_client_side,ch_cfg.cpu 0x1,op,0,3849780.0000,259.8,11,6.4,11.1,
handshake_pinned_rsa3072_hybrid_server_side,ch_cfg.cpu 0x1,op,0,221807887.0000,4.5,11,4.6,11.8,
handshake_pinned_ecdsa_p256_hybrid,ch_cfg.cpu 0x1,op,0,8868805.0000,112.8,99,9.0,9.3,
handshake_pinned_ecdsa_p256_hybrid_client_side,ch_cfg.cpu 0x1,op,0,3762380.0000,265.8,99,8.8,9.3,
handshake_pinned_ecdsa_p256_hybrid_server_side,ch_cfg.cpu 0x1,op,0,5107458.0000,195.8,99,8.0,9.7,
sha256,ch_cfg.cpu 0x13f,byte,64,2.2378,446.9,101,8.9,14.6,
sha256,ch_cfg.cpu 0x13f,byte,1024,0.7225,1384.1,101,9.3,9.2,
sha256,ch_cfg.cpu 0x13f,byte,16384,0.6483,1542.5,101,8.5,8.8,
sha384,ch_cfg.cpu 0x13f,byte,64,7.7467,129.1,101,9.1,9.6,
sha384,ch_cfg.cpu 0x13f,byte,1024,2.8910,345.9,101,9.0,14.9,
sha384,ch_cfg.cpu 0x13f,byte,16384,2.4469,408.7,101,9.2,16.9,
sha512,ch_cfg.cpu 0x13f,byte,64,8.2994,120.5,101,9.9,14.4,
sha512,ch_cfg.cpu 0x13f,byte,1024,2.9125,343.3,101,11.3,9.9,
sha512,ch_cfg.cpu 0x13f,byte,16384,2.2464,445.2,101,8.9,9.8,
sha3_256,ch_cfg.cpu 0x13f,byte,64,6.6801,149.7,101,7.0,10.8,
sha3_256,ch_cfg.cpu 0x13f,byte,1024,2.8304,353.3,101,11.1,7.1,
sha3_256,ch_cfg.cpu 0x13f,byte,16384,2.6400,378.8,101,15.3,14.2,
shake128_squeeze,ch_cfg.cpu 0x13f,byte,64,5.3282,187.7,101,8.2,11.0,
shake128_squeeze,ch_cfg.cpu 0x13f,byte,1024,2.3767,420.8,101,11.5,10.9,
shake128_squeeze,ch_cfg.cpu 0x13f,byte,16384,1.9598,510.3,101,9.5,13.4,
shake256_squeeze,ch_cfg.cpu 0x13f,byte,64,5.3917,185.5,101,9.2,11.5,
shake256_squeeze,ch_cfg.cpu 0x13f,byte,1024,2.5719,388.8,101,8.8,12.1,
shake256_squeeze,ch_cfg.cpu 0x13f,byte,16384,2.5139,397.8,101,10.7,11.7,
hmac_sha256,ch_cfg.cpu 0x13f,byte,64,4.7220,211.8,101,9.0,9.3,
hmac_sha256,ch_cfg.cpu 0x13f,byte,1024,0.8623,1159.7,101,9.1,11.2,
hmac_sha256,ch_cfg.cpu 0x13f,byte,16384,0.6176,1619.2,101,7.8,11.9,
hkdf_expand_label,ch_cfg.cpu 0x13f,op,32,268.9476,3718196.4,101,8.9,12.2,
chacha20,ch_cfg.cpu 0x13f,byte,64,3.1271,319.8,101,9.0,11.6,
chacha20,ch_cfg.cpu 0x13f,byte,1200,0.5256,1902.6,101,9.1,4.8,
chacha20,ch_cfg.cpu 0x13f,byte,16384,0.3966,2521.4,101,9.4,12.3,
drbg,ch_cfg.cpu 0x13f,byte,32,3.4060,293.6,101,7.5,12.0,
drbg,ch_cfg.cpu 0x13f,byte,1024,1.7339,576.7,101,17.8,10.8,
drbg,ch_cfg.cpu 0x13f,byte,16384,1.6388,610.2,101,8.1,10.2,
poly1305,ch_cfg.cpu 0x13f,byte,64,1.2080,827.8,101,9.2,10.5,
poly1305,ch_cfg.cpu 0x13f,byte,1200,0.2804,3566.3,101,9.1,9.3,
poly1305,ch_cfg.cpu 0x13f,byte,16384,0.1556,6426.7,101,14.6,13.5,
chacha20_poly1305_seal,ch_cfg.cpu 0x13f,byte,64,6.2885,159.0,101,10.9,10.6,
chacha20_poly1305_seal,ch_cfg.cpu 0x13f,byte,1200,0.8776,1139.5,101,7.4,12.1,
chacha20_poly1305_seal,ch_cfg.cpu 0x13f,byte,16384,0.5783,1729.2,101,11.7,11.8,
chacha20_poly1305_open,ch_cfg.cpu 0x13f,byte,64,6.4786,154.4,101,12.8,9.9,
chacha20_poly1305_open,ch_cfg.cpu 0x13f,byte,1200,0.8905,1123.0,101,9.0,6.3,
chacha20_poly1305_open,ch_cfg.cpu 0x13f,byte,16384,0.5704,1753.2,101,12.5,12.0,
p256_ecdsa_verify,ch_cfg.cpu 0x13f,op,0,58762.4062,17017.7,101,9.6,13.6,
p384_ecdsa_verify,ch_cfg.cpu 0x13f,op,0,286928.6250,3485.2,101,9.7,10.9,
rsa_pss_verify_2048,ch_cfg.cpu 0x13f,op,0,10963.3750,91212.8,101,14.3,5.1,
rsa_pss_verify_3072,ch_cfg.cpu 0x13f,op,0,19105.0156,52342.3,101,16.6,9.8,
rsa_pss_verify_4096,ch_cfg.cpu 0x13f,op,0,26793.5078,37322.5,101,13.3,15.9,
rsa_pkcs1_verify_2048,ch_cfg.cpu 0x13f,op,0,8406.5742,118954.5,101,6.0,10.4,
rsa_pkcs1_verify_3072,ch_cfg.cpu 0x13f,op,0,15408.6680,64898.5,101,9.6,9.6,
rsa_pkcs1_verify_4096,ch_cfg.cpu 0x13f,op,0,22080.2344,45289.4,101,15.5,15.4,
x25519,ch_cfg.cpu 0x13f,op,0,36385.5938,27483.4,101,8.4,17.4,
x25519_base,ch_cfg.cpu 0x13f,op,0,34882.7969,28667.4,101,8.7,12.0,
mlkem768_keygen,ch_cfg.cpu 0x13f,op,0,16255.0977,61519.2,101,12.8,28.3,
mlkem768_encaps,ch_cfg.cpu 0x13f,op,0,19288.3359,51844.8,101,13.0,20.5,
mlkem768_decaps,ch_cfg.cpu 0x13f,op,0,20040.8438,49898.1,101,14.3,19.8,
p256_ecdh_keygen,ch_cfg.cpu 0x13f,op,0,11229.6250,89050.2,101,9.2,11.8,
p256_ecdh,ch_cfg.cpu 0x13f,op,0,56905.7656,17572.9,101,8.8,11.2,
p256_sign,ch_cfg.cpu 0x13f,op,0,18203.6953,54933.9,101,11.9,7.4,
rsa_pss_sign_2048,ch_cfg.cpu 0x13f,op,0,886106.2500,1128.5,101,9.3,11.0,
rsa_pss_sign_3072,ch_cfg.cpu 0x13f,op,0,2660515.0000,375.9,101,8.6,13.1,
handshake_pinned_rsa2048,ch_cfg.cpu 0x13f,op,0,1059706.0000,943.7,101,18.5,12.3,
handshake_pinned_rsa2048_client_side,ch_cfg.cpu 0x13f,op,0,95921.0000,10425.2,101,16.3,5.5,
handshake_pinned_rsa2048_server_side,ch_cfg.cpu 0x13f,op,0,959289.0000,1042.4,101,18.6,12.9,
handshake_pinned_rsa3072,ch_cfg.cpu 0x13f,op,0,2869075.0000,348.5,101,13.6,10.6,
handshake_pinned_rsa3072_client_side,ch_cfg.cpu 0x13f,op,0,107372.0000,9313.4,101,11.3,6.7,
handshake_pinned_rsa3072_server_side,ch_cfg.cpu 0x13f,op,0,2762419.0000,362.0,101,13.8,10.9,
handshake_pinned_ecdsa_p256,ch_cfg.cpu 0x13f,op,0,248224.0000,4028.6,101,13.2,11.4,
handshake_pinned_ecdsa_p256_client_side,ch_cfg.cpu 0x13f,op,0,142192.0000,7032.7,101,12.8,10.6,
handshake_pinned_ecdsa_p256_server_side,ch_cfg.cpu 0x13f,op,0,103265.0000,9683.8,101,14.9,10.5,
handshake_pinned_rsa2048_hybrid,ch_cfg.cpu 0x13f,op,0,1174797.0000,851.2,101,13.1,17.8,
handshake_pinned_rsa2048_hybrid_client_side,ch_cfg.cpu 0x13f,op,0,168420.0000,5937.5,101,11.9,18.9,
handshake_pinned_rsa2048_hybrid_server_side,ch_cfg.cpu 0x13f,op,0,1015670.0000,984.6,101,13.7,17.8,
handshake_pinned_rsa3072_hybrid,ch_cfg.cpu 0x13f,op,0,3032976.0000,329.7,101,11.6,12.4,
handshake_pinned_rsa3072_hybrid_client_side,ch_cfg.cpu 0x13f,op,0,184025.0000,5434.0,101,13.0,13.3,
handshake_pinned_rsa3072_hybrid_server_side,ch_cfg.cpu 0x13f,op,0,2853679.0000,350.4,101,11.9,12.1,
handshake_pinned_ecdsa_p256_hybrid,ch_cfg.cpu 0x13f,op,0,344020.0000,2906.8,101,13.9,13.1,
handshake_pinned_ecdsa_p256_hybrid_client_side,ch_cfg.cpu 0x13f,op,0,212144.0000,4713.8,101,13.4,12.5,
handshake_pinned_ecdsa_p256_hybrid_server_side,ch_cfg.cpu 0x13f,op,0,130561.0000,7659.3,101,14.8,13.9,
sha256,OpenSSL 3.6.4,byte,64,2.6280,380.5,,,4.8,
sha384,OpenSSL 3.6.4,byte,64,4.8571,205.9,,,4.8,
sha3_256,OpenSSL 3.6.4,byte,64,6.5674,152.3,,,6.3,
sha256,OpenSSL 3.6.4,byte,16384,0.6319,1582.5,,,6.1,
sha384,OpenSSL 3.6.4,byte,16384,1.4270,700.8,,,4.7,
sha3_256,OpenSSL 3.6.4,byte,16384,2.0647,484.3,,,9.2,
x25519_base,OpenSSL 3.6.4,op,0,28685.6745,34860.6,,,5.4,
x25519,OpenSSL 3.6.4,op,0,32383.4197,30880.0,,,6.8,
p256_ecdh_keygen,OpenSSL 3.6.4,op,0,11354.1225,88073.7,,,9.3,
p256_ecdh,OpenSSL 3.6.4,op,0,53160.3849,18811.0,,,8.1,
p256_sign,OpenSSL 3.6.4,op,0,21440.6376,46640.4,,,5.3,
p256_ecdsa_verify,OpenSSL 3.6.4,op,0,70536.7849,14177.0,,,8.8,
p384_ecdsa_verify,OpenSSL 3.6.4,op,0,559910.4143,1786.0,,,7.0,
rsa_pkcs1_sign_2048,OpenSSL 3.6.4,op,0,303306.0358,3297.0,,,12.1,
rsa_pkcs1_verify_2048,OpenSSL 3.6.4,op,0,17472.1319,57234.0,,,7.8,
rsa_pkcs1_sign_3072,OpenSSL 3.6.4,op,0,803858.5209,1244.0,,,9.2,
rsa_pkcs1_verify_3072,OpenSSL 3.6.4,op,0,36654.2042,27282.0,,,8.2,
mlkem768_keygen,OpenSSL 3.6.4,op,0,33331.0888,30002.0,,,13.9,
mlkem768_encaps,OpenSSL 3.6.4,op,0,19196.4371,52093.0,,,4.3,
mlkem768_decaps,OpenSSL 3.6.4,op,0,29378.0663,34039.0,,,5.8,
